x ,50,100,150,200,250,300,350,400,450,500,550,600,650,700,750,800,850,900,950,1000,1050,1100,1150,1200,1250,1300,1350,1400,1450,1500,1550,1600,1650,1700,1750,1800,1850,1900,1950,2000,2050,2100,2150,2200,2250,2300,2350,2400,2450,2500,2550,2600,2650,2700,2750,2800,2850,2900,2950,3000,3050,3100,3150,3200,3250,3300,3350,3400,3450,3500,3550,3600,3650,3700,3750,3800,3850,3900,3950,4000,4050,4100,4150,4200,4250,4300,4350,4400,4450,4500,4550,4600,4650,4700,4750,4800,4850,4900,4950,5000,
1,0.22,0.205,0.18333333333333332,0.205,0.166,0.19666666666666666,0.2057142857142857,0.2025,0.20666666666666667,0.215,0.20272727272727273,0.2175,0.20461538461538462,0.18714285714285714,0.19066666666666668,0.215625,0.20176470588235293,0.1938888888888889,0.18,0.196,0.1880952380952381,0.1990909090909091,0.20391304347826086,0.21875,0.2004,0.20115384615384616,0.20666666666666667,0.19535714285714287,0.20172413793103447,0.21166666666666667,0.20032258064516129,0.193125,0.20030303030303032,0.20147058823529412,0.2002857142857143,0.20277777777777778,0.19,0.2063157894736842,0.19666666666666666,0.19525,0.19878048780487806,0.2019047619047619,0.2013953488372093,0.20545454545454545,0.19977777777777778,0.19695652173913045,0.1974468085106383,0.19770833333333335,0.2010204081632653,0.2098,0.1992156862745098,0.19365384615384615,0.19905660377358492,0.19555555555555557,0.2,0.19553571428571428,0.1987719298245614,0.20655172413793105,0.2016949152542373,0.20083333333333334,0.2004918032786885,0.19451612903225807,0.2019047619047619,0.1990625,0.20492307692307693,0.19393939393939394,0.2,0.19970588235294118,0.19971014492753622,0.2017142857142857,0.20225352112676057,0.19805555555555557,0.1967123287671233,0.20135135135135135,0.19826666666666667,0.1986842105263158,0.19662337662337662,0.20102564102564102,0.20329113924050632,0.2035,0.19827160493827162,0.2026829268292683,0.20602409638554217,0.1986904761904762,0.2016470588235294,0.20534883720930233,0.2028735632183908,0.2028409090909091,0.199438202247191,0.19866666666666666,0.19692307692307692,0.20456521739130434,0.20236559139784946,0.19904255319148936,0.19421052631578947,0.195,0.19896907216494844,0.19479591836734694,0.19767676767676767,0.1995,
2,0.26,0.21,0.21,0.215,0.196,0.22166666666666668,0.22,0.19125,0.20333333333333334,0.216,0.19636363636363635,0.205,0.20692307692307693,0.19785714285714287,0.19466666666666665,0.195625,0.20823529411764705,0.19777777777777777,0.2094736842105263,0.2065,0.20523809523809525,0.19636363636363635,0.1882608695652174,0.19083333333333333,0.1984,0.18884615384615386,0.18962962962962962,0.2082142857142857,0.19620689655172413,0.19933333333333333,0.19903225806451613,0.2075,0.19818181818181818,0.2073529411764706,0.20114285714285715,0.21194444444444444,0.1989189189189189,0.2031578947368421,0.2082051282051282,0.20725,0.20512195121951218,0.20095238095238097,0.19953488372093023,0.2025,0.20866666666666667,0.19847826086956522,0.2,0.20270833333333332,0.20489795918367346,0.1944,0.20784313725490197,0.20442307692307693,0.20132075471698113,0.19722222222222222,0.19836363636363635,0.2005357142857143,0.1975438596491228,0.19517241379310346,0.1971186440677966,0.202,0.19918032786885245,0.20241935483870968,0.1973015873015873,0.20390625,0.19984615384615384,0.20545454545454545,0.19805970149253732,0.20705882352941177,0.20159420289855073,0.19885714285714284,0.1959154929577465,0.2011111111111111,0.20328767123287672,0.19148648648648647,0.19453333333333334,0.20960526315789474,0.1983116883116883,0.1991025641025641,0.1970886075949367,0.2045,0.1945679012345679,0.1976829268292683,0.1950602409638554,0.1961904761904762,0.19694117647058823,0.20151162790697674,0.19977011494252875,0.20068181818181818,0.19730337078651686,0.20277777777777778,0.19593406593406593,0.20184782608695653,0.2064516129032258,0.20170212765957446,0.19873684210526316,0.19739583333333333,0.19989690721649483,0.19785714285714287,0.1919191919191919,0.202,
3,0.21,0.2,0.20666666666666667,0.1975,0.188,0.18333333333333332,0.17857142857142858,0.195,0.18555555555555556,0.201,0.2109090909090909,0.19833333333333333,0.20076923076923076,0.19714285714285715,0.19866666666666666,0.20375,0.19,0.19444444444444445,0.1968421052631579,0.2,0.20476190476190476,0.205,0.20043478260869566,0.195,0.1896,0.20115384615384616,0.21222222222222223,0.20214285714285715,0.2003448275862069,0.19233333333333333,0.20870967741935484,0.2025,0.20242424242424242,0.19911764705882354,0.19857142857142857,0.20027777777777778,0.20135135135135135,0.20710526315789474,0.20307692307692307,0.20325,0.2029268292682927,0.20333333333333334,0.1958139534883721,0.2018181818181818,0.2091111111111111,0.19456521739130433,0.20212765957446807,0.205625,0.19877551020408163,0.1986,0.19901960784313724,0.2,0.19849056603773585,0.2024074074074074,0.20327272727272727,0.19982142857142857,0.2007017543859649,0.20689655172413793,0.19915254237288135,0.20716666666666667,0.20442622950819672,0.20306451612903226,0.19968253968253968,0.2025,0.20692307692307693,0.19818181818181818,0.20328358208955224,0.2023529411764706,0.20173913043478262,0.19785714285714287,0.20408450704225353,0.2023611111111111,0.1932876712328767,0.19864864864864865,0.2016,0.1994736842105263,0.20142857142857143,0.20794871794871794,0.19683544303797468,0.197375,0.19765432098765431,0.19451219512195123,0.19879518072289157,0.19797619047619047,0.2043529411764706,0.19930232558139535,0.20586206896551723,0.20329545454545456,0.20235955056179775,0.20077777777777778,0.20736263736263735,0.20184782608695653,0.20387096774193547,0.20457446808510638,0.20178947368421052,0.199375,0.2031958762886598,0.19744897959183674,0.20585858585858585,0.1997,
4,0.21,0.24,0.20666666666666667,0.2025,0.202,0.215,0.21428571428571427,0.18125,0.19777777777777777,0.235,0.17909090909090908,0.1925,0.18769230769230769,0.1992857142857143,0.19333333333333333,0.185,0.18705882352941178,0.1827777777777778,0.18736842105263157,0.1975,0.2,0.19227272727272726,0.19695652173913045,0.20958333333333334,0.2028,0.20153846153846153,0.19444444444444445,0.20142857142857143,0.2013793103448276,0.19166666666666668,0.19419354838709676,0.2096875,0.20484848484848484,0.20352941176470588,0.20057142857142857,0.2036111111111111,0.20378378378378378,0.2031578947368421,0.2017948717948718,0.2065,0.20390243902439023,0.19428571428571428,0.18906976744186046,0.2059090909090909,0.1991111111111111,0.20369565217391306,0.2023404255319149,0.20020833333333332,0.20224489795918368,0.2042,0.2015686274509804,0.2025,0.19867924528301886,0.2064814814814815,0.2029090909090909,0.2067857142857143,0.2043859649122807,0.19913793103448277,0.1893220338983051,0.20666666666666667,0.19934426229508198,0.19838709677419356,0.20206349206349206,0.1975,0.2,0.2065151515151515,0.2082089552238806,0.20676470588235293,0.19536231884057972,0.19614285714285715,0.19830985915492957,0.20125,0.19808219178082193,0.20391891891891892,0.19853333333333334,0.1931578947368421,0.19233766233766234,0.19705128205128206,0.20063291139240505,0.201625,0.205679012345679,0.20170731707317074,0.2053012048192771,0.19892857142857143,0.1996470588235294,0.19593023255813954,0.20390804597701148,0.1953409090909091,0.19719101123595506,0.2008888888888889,0.19384615384615383,0.20032608695652174,0.20408602150537633,0.20106382978723406,0.19305263157894736,0.199375,0.19938144329896906,0.2016326530612245,0.19666666666666666,0.2017,
5,0.2,0.21,0.20333333333333334,0.2125,0.216,0.185,0.1957142857142857,0.21,0.1811111111111111,0.201,0.19545454545454546,0.18916666666666668,0.20307692307692307,0.19357142857142856,0.19466666666666665,0.20125,0.20294117647058824,0.18944444444444444,0.19842105263157894,0.2085,0.19047619047619047,0.19318181818181818,0.20434782608695654,0.20291666666666666,0.208,0.20807692307692308,0.20777777777777778,0.20785714285714285,0.19827586206896552,0.196,0.19612903225806452,0.205,0.21,0.19705882352941176,0.1957142857142857,0.1925,0.21135135135135136,0.215,0.19512820512820514,0.20125,0.1948780487804878,0.19166666666666668,0.19162790697674417,0.20431818181818182,0.19955555555555557,0.19782608695652174,0.19851063829787233,0.19895833333333332,0.19857142857142857,0.2024,0.20529411764705882,0.19326923076923078,0.19377358490566038,0.1985185185185185,0.20236363636363636,0.1994642857142857,0.19789473684210526,0.20603448275862069,0.19694915254237289,0.20366666666666666,0.20262295081967213,0.20048387096774192,0.19968253968253968,0.20109375,0.20615384615384616,0.2043939393939394,0.19298507462686568,0.20279411764705882,0.19420289855072465,0.19628571428571429,0.20225352112676057,0.1976388888888889,0.2,0.20743243243243242,0.20266666666666666,0.19907894736842105,0.20285714285714285,0.19948717948717948,0.20215189873417722,0.19875,0.1971604938271605,0.20182926829268294,0.19493975903614458,0.19464285714285715,0.20011764705882354,0.20255813953488372,0.2054022988505747,0.20011363636363635,0.2053932584269663,0.2021111111111111,0.20142857142857143,0.20043478260869566,0.1956989247311828,0.1921276595744681,0.19821052631578948,0.194375,0.20103092783505155,0.1992857142857143,0.20494949494949494,0.198,
6,0.15,0.21,0.20333333333333334,0.1825,0.202,0.20666666666666667,0.20285714285714285,0.195,0.19444444444444445,0.179,0.20363636363636364,0.19166666666666668,0.21,0.19785714285714287,0.19733333333333333,0.199375,0.1952941176470588,0.20555555555555555,0.2,0.213,0.19857142857142857,0.19590909090909092,0.20304347826086958,0.19916666666666666,0.1924,0.20461538461538462,0.19555555555555557,0.195,0.2003448275862069,0.20533333333333334,0.2129032258064516,0.1984375,0.21303030303030304,0.1952941176470588,0.18971428571428572,0.20083333333333334,0.20540540540540542,0.18421052631578946,0.20512820512820512,0.2045,0.2070731707317073,0.1992857142857143,0.20255813953488372,0.2034090909090909,0.19755555555555557,0.19891304347826086,0.20127659574468085,0.195625,0.19979591836734695,0.1998,0.20490196078431372,0.19596153846153846,0.2020754716981132,0.19462962962962962,0.206,0.19607142857142856,0.19842105263157894,0.19189655172413794,0.20101694915254237,0.20266666666666666,0.1921311475409836,0.19629032258064516,0.20253968253968255,0.19734375,0.196,0.19560606060606062,0.1962686567164179,0.19955882352941176,0.19753623188405797,0.20285714285714285,0.19901408450704225,0.19819444444444445,0.20164383561643837,0.1931081081081081,0.1972,0.19013157894736843,0.2042857142857143,0.20358974358974358,0.1959493670886076,0.197375,0.20753086419753086,0.19926829268292684,0.20373493975903614,0.20047619047619047,0.1968235294117647,0.2044186046511628,0.19735632183908047,0.19863636363636364,0.20157303370786517,0.193,0.19747252747252747,0.2,0.19860215053763441,0.20138297872340424,0.19894736842105262,0.20114583333333333,0.19690721649484536,0.20010204081632654,0.1988888888888889,0.2033,
7,0.18,0.165,0.18666666666666668,0.205,0.2,0.21333333333333335,0.19285714285714287,0.18875,0.2011111111111111,0.204,0.20454545454545456,0.18833333333333332,0.19538461538461538,0.205,0.21933333333333332,0.1975,0.19470588235294117,0.195,0.1968421052631579,0.1985,0.20238095238095238,0.19454545454545455,0.21434782608695652,0.215,0.1964,0.19423076923076923,0.20407407407407407,0.2092857142857143,0.19137931034482758,0.19366666666666665,0.19741935483870968,0.189375,0.19757575757575757,0.20294117647058824,0.1977142857142857,0.19722222222222222,0.18864864864864864,0.2044736842105263,0.1987179487179487,0.19725,0.19926829268292684,0.20047619047619047,0.19790697674418606,0.19068181818181817,0.20422222222222222,0.205,0.19574468085106383,0.20791666666666667,0.21224489795918366,0.1974,0.20294117647058824,0.21153846153846154,0.19622641509433963,0.19666666666666666,0.20254545454545456,0.18946428571428572,0.19929824561403509,0.20155172413793104,0.2,0.19316666666666665,0.19524590163934427,0.19870967741935483,0.20206349206349206,0.19875,0.2043076923076923,0.19106060606060607,0.19791044776119404,0.2,0.19521739130434781,0.20414285714285715,0.19830985915492957,0.20027777777777778,0.20876712328767122,0.20621621621621622,0.20626666666666665,0.19592105263157894,0.19402597402597402,0.20474358974358975,0.1982278481012658,0.200875,0.194320987654321,0.2002439024390244,0.1991566265060241,0.20023809523809524,0.20352941176470588,0.1972093023255814,0.19827586206896552,0.19318181818181818,0.20382022471910113,0.20366666666666666,0.2023076923076923,0.20543478260869566,0.19548387096774195,0.20702127659574468,0.20294736842105263,0.20052083333333334,0.20144329896907218,0.2,0.20272727272727273,0.2067,
8,0.14,0.22,0.22333333333333333,0.2075,0.176,0.21,0.20142857142857143,0.21125,0.20222222222222222,0.19,0.19272727272727272,0.19583333333333333,0.20923076923076922,0.20785714285714285,0.194,0.19625,0.20470588235294118,0.19444444444444445,0.19473684210526315,0.1855,0.20857142857142857,0.19818181818181818,0.20434782608695654,0.21041666666666667,0.2056,0.1926923076923077,0.1948148148148148,0.2067857142857143,0.19517241379310346,0.20633333333333334,0.19709677419354837,0.20125,0.1987878787878788,0.2038235294117647,0.20285714285714285,0.19972222222222222,0.19513513513513514,0.20210526315789473,0.20512820512820512,0.20275,0.1953658536585366,0.19452380952380952,0.2030232558139535,0.19795454545454547,0.19533333333333333,0.19652173913043477,0.20106382978723406,0.19333333333333333,0.20020408163265307,0.2004,0.2023529411764706,0.20596153846153847,0.20037735849056604,0.19925925925925925,0.1950909090909091,0.20142857142857143,0.19701754385964912,0.19706896551724137,0.19542372881355932,0.20333333333333334,0.19524590163934427,0.20870967741935484,0.19952380952380952,0.19078125,0.19815384615384615,0.20106060606060605,0.19895522388059703,0.19838235294117648,0.20159420289855073,0.20885714285714285,0.19450704225352114,0.20458333333333334,0.1973972602739726,0.19824324324324324,0.19413333333333332,0.19776315789473684,0.19922077922077921,0.19205128205128205,0.19924050632911391,0.197375,0.19962962962962963,0.1979268292682927,0.19819277108433736,0.20511904761904762,0.2088235294117647,0.19569767441860464,0.19482758620689655,0.20068181818181818,0.19853932584269662,0.2028888888888889,0.2067032967032967,0.20195652173913042,0.19623655913978494,0.20063829787234042,0.20094736842105262,0.20104166666666667,0.2038144329896907,0.2004081632653061,0.19727272727272727,0.1913,
9,0.18,0.19,0.17,0.1875,0.182,0.19,0.23,0.20375,0.21666666666666667,0.204,0.22090909090909092,0.19916666666666666,0.2023076923076923,0.19285714285714287,0.212,0.194375,0.19705882352941176,0.195,0.19842105263157894,0.1965,0.20047619047619047,0.1940909090909091,0.1973913043478261,0.20208333333333334,0.1904,0.19615384615384615,0.1962962962962963,0.19642857142857142,0.18862068965517242,0.20566666666666666,0.20516129032258065,0.198125,0.20030303030303032,0.19970588235294118,0.19885714285714284,0.21083333333333334,0.19567567567567568,0.20289473684210527,0.20384615384615384,0.19675,0.1929268292682927,0.19904761904761906,0.21325581395348836,0.20431818181818182,0.2,0.20456521739130434,0.19489361702127658,0.19770833333333335,0.2083673469387755,0.2028,0.19431372549019607,0.19596153846153846,0.19547169811320755,0.2037037037037037,0.19963636363636364,0.20946428571428571,0.20333333333333334,0.19344827586206897,0.19491525423728814,0.201,0.19885245901639345,0.20032258064516129,0.20539682539682538,0.20015625,0.20676923076923076,0.20833333333333334,0.20656716417910448,0.1973529411764706,0.19768115942028985,0.2057142857142857,0.20056338028169013,0.20152777777777778,0.20506849315068493,0.18986486486486487,0.2008,0.19921052631578948,0.2057142857142857,0.195,0.1962025316455696,0.19725,0.20135802469135802,0.20365853658536584,0.2016867469879518,0.20261904761904762,0.19905882352941176,0.19546511627906976,0.20344827586206896,0.19454545454545455,0.19842696629213483,0.197,0.2001098901098901,0.20076086956521738,0.1981720430107527,0.2027659574468085,0.1985263157894737,0.19583333333333333,0.19721649484536083,0.2036734693877551,0.1998989898989899,0.1991,
10,0.13,0.22,0.18666666666666668,0.175,0.222,0.19166666666666668,0.21,0.195,0.2,0.203,0.18636363636363637,0.20833333333333334,0.18692307692307691,0.21142857142857144,0.22,0.203125,0.19705882352941176,0.19666666666666666,0.19052631578947368,0.1985,0.20666666666666667,0.19863636363636364,0.21434782608695652,0.19875,0.1984,0.2053846153846154,0.19407407407407407,0.2007142857142857,0.19758620689655174,0.20433333333333334,0.20838709677419354,0.1965625,0.18636363636363637,0.20705882352941177,0.19114285714285714,0.19111111111111112,0.2008108108108108,0.19605263157894737,0.20717948717948717,0.1995,0.19390243902439025,0.20666666666666667,0.1925581395348837,0.2056818181818182,0.20844444444444443,0.19717391304347825,0.20191489361702128,0.20520833333333333,0.19285714285714287,0.1882,0.20450980392156862,0.20096153846153847,0.2018867924528302,0.20166666666666666,0.20636363636363636,0.2025,0.21035087719298246,0.195,0.20661016949152541,0.19966666666666666,0.19377049180327868,0.19951612903225807,0.19476190476190477,0.20265625,0.20276923076923076,0.19318181818181818,0.19597014925373135,0.20161764705882354,0.2018840579710145,0.19228571428571428,0.19464788732394367,0.1973611111111111,0.20082191780821917,0.20229729729729728,0.20106666666666667,0.20092105263157894,0.2042857142857143,0.1932051282051282,0.1949367088607595,0.20025,0.20185185185185187,0.20390243902439023,0.20602409638554217,0.20166666666666666,0.20152941176470587,0.20406976744186048,0.20080459770114942,0.19693181818181818,0.19977528089887642,0.20322222222222222,0.19373626373626374,0.1907608695652174,0.19946236559139785,0.19904255319148936,0.196,0.2009375,0.1968041237113402,0.19877551020408163,0.1987878787878788,0.198,
11,0.2,0.225,0.23333333333333334,0.18,0.19,0.2,0.17857142857142858,0.19875,0.22,0.204,0.19363636363636363,0.2,0.21076923076923076,0.18642857142857142,0.194,0.195,0.1988235294117647,0.21611111111111111,0.20894736842105263,0.203,0.20333333333333334,0.20227272727272727,0.2073913043478261,0.19625,0.2028,0.2026923076923077,0.19148148148148147,0.2092857142857143,0.1993103448275862,0.192,0.2032258064516129,0.2003125,0.19757575757575757,0.19647058823529412,0.18971428571428572,0.20305555555555554,0.2064864864864865,0.20789473684210527,0.20102564102564102,0.20875,0.19585365853658537,0.1919047619047619,0.19604651162790698,0.20795454545454545,0.19844444444444445,0.1991304347826087,0.2002127659574468,0.19875,0.1957142857142857,0.2026,0.19490196078431374,0.20057692307692307,0.1949056603773585,0.20444444444444446,0.1930909090909091,0.18660714285714286,0.20473684210526316,0.1989655172413793,0.2094915254237288,0.20516666666666666,0.19967213114754098,0.19951612903225807,0.19984126984126985,0.199375,0.20707692307692308,0.19606060606060607,0.20343283582089552,0.20470588235294118,0.19594202898550725,0.19257142857142856,0.2063380281690141,0.2001388888888889,0.19794520547945205,0.19864864864864865,0.20426666666666668,0.1961842105263158,0.20025974025974025,0.20012820512820512,0.20253164556962025,0.19925,0.19925925925925925,0.2003658536585366,0.19843373493975905,0.19964285714285715,0.20294117647058824,0.19686046511627908,0.20172413793103447,0.20170454545454544,0.2004494382022472,0.20266666666666666,0.20802197802197803,0.19543478260869565,0.1932258064516129,0.2027659574468085,0.19589473684210526,0.2021875,0.1934020618556701,0.1986734693877551,0.20242424242424242,0.1943,
12,0.25,0.23,0.21,0.2,0.19,0.20666666666666667,0.18571428571428572,0.19875,0.21666666666666667,0.208,0.19636363636363635,0.19666666666666666,0.22615384615384615,0.19785714285714287,0.19866666666666666,0.20125,0.19117647058823528,0.19611111111111112,0.19736842105263158,0.2045,0.19428571428571428,0.19772727272727272,0.19956521739130434,0.20166666666666666,0.1976,0.19692307692307692,0.2,0.1992857142857143,0.20103448275862068,0.197,0.19548387096774195,0.1890625,0.2018181818181818,0.19794117647058823,0.19628571428571429,0.2025,0.20135135135135135,0.1986842105263158,0.20358974358974358,0.191,0.19341463414634147,0.20857142857142857,0.203953488372093,0.2040909090909091,0.19311111111111112,0.2006521739130435,0.1972340425531915,0.201875,0.2089795918367347,0.2024,0.1935294117647059,0.20153846153846153,0.20264150943396225,0.2001851851851852,0.19690909090909092,0.20017857142857143,0.1968421052631579,0.1989655172413793,0.1988135593220339,0.2055,0.20065573770491804,0.20806451612903226,0.19984126984126985,0.2009375,0.2006153846153846,0.19742424242424242,0.20044776119402985,0.1910294117647059,0.2055072463768116,0.19914285714285715,0.19253521126760564,0.20125,0.2036986301369863,0.19932432432432431,0.19906666666666667,0.1986842105263158,0.2003896103896104,0.19807692307692307,0.20253164556962025,0.2,0.19283950617283951,0.20085365853658538,0.20240963855421687,0.20083333333333334,0.20352941176470588,0.19523255813953488,0.2006896551724138,0.19738636363636364,0.1991011235955056,0.20366666666666666,0.20494505494505494,0.2026086956521739,0.2056989247311828,0.19851063829787233,0.2006315789473684,0.20125,0.2031958762886598,0.20295918367346938,0.2006060606060606,0.1971,
13,0.19,0.2,0.20666666666666667,0.195,0.196,0.17666666666666667,0.21285714285714286,0.2,0.19666666666666666,0.216,0.19545454545454546,0.19833333333333333,0.2023076923076923,0.18857142857142858,0.21533333333333332,0.1925,0.2023529411764706,0.20055555555555554,0.2005263157894737,0.184,0.2,0.19227272727272726,0.20217391304347826,0.18666666666666668,0.1968,0.18769230769230769,0.20851851851851852,0.195,0.2003448275862069,0.203,0.20580645161290323,0.191875,0.19151515151515153,0.19941176470588234,0.20085714285714285,0.19611111111111112,0.20513513513513512,0.19342105263157894,0.2076923076923077,0.2035,0.20317073170731706,0.19214285714285714,0.19116279069767442,0.20795454545454545,0.20422222222222222,0.20152173913043478,0.2051063829787234,0.19916666666666666,0.20020408163265307,0.197,0.19686274509803922,0.20038461538461538,0.1911320754716981,0.20074074074074075,0.19527272727272726,0.195,0.20701754385964913,0.19948275862068965,0.1942372881355932,0.195,0.20147540983606557,0.20112903225806453,0.2011111111111111,0.19765625,0.20446153846153847,0.1940909090909091,0.20059701492537313,0.20058823529411765,0.19927536231884058,0.20257142857142857,0.20985915492957746,0.20291666666666666,0.1932876712328767,0.20121621621621621,0.1996,0.19605263157894737,0.20467532467532468,0.19628205128205128,0.2020253164556962,0.2025,0.19530864197530864,0.2,0.19433734939759037,0.19630952380952382,0.20011764705882354,0.20011627906976745,0.1960919540229885,0.20136363636363636,0.20561797752808988,0.19266666666666668,0.1957142857142857,0.20119565217391305,0.1993548387096774,0.20436170212765958,0.2,0.19427083333333334,0.20257731958762887,0.1976530612244898,0.20040404040404042,0.2056,
14,0.15,0.22,0.22333333333333333,0.19,0.196,0.21666666666666667,0.22142857142857142,0.18125,0.1922222222222222,0.195,0.18454545454545454,0.18333333333333332,0.19538461538461538,0.1957142857142857,0.19933333333333333,0.1975,0.2076470588235294,0.19777777777777777,0.2,0.2065,0.19523809523809524,0.20727272727272728,0.20043478260869566,0.19083333333333333,0.1968,0.20307692307692307,0.20851851851851852,0.19642857142857142,0.20517241379310344,0.19666666666666666,0.19903225806451613,0.196875,0.1993939393939394,0.19794117647058823,0.1957142857142857,0.1938888888888889,0.20324324324324325,0.19210526315789472,0.2082051282051282,0.20025,0.19951219512195123,0.1976190476190476,0.1930232558139535,0.19886363636363635,0.204,0.2082608695652174,0.20680851063829786,0.20125,0.2083673469387755,0.1874,0.20039215686274509,0.19942307692307693,0.1911320754716981,0.20055555555555554,0.19872727272727272,0.20089285714285715,0.2005263157894737,0.19689655172413792,0.19847457627118645,0.21166666666666667,0.200327868852459,0.2053225806451613,0.19968253968253968,0.19671875,0.20015384615384615,0.1987878787878788,0.20388059701492536,0.19220588235294117,0.19826086956521738,0.19914285714285715,0.20887323943661973,0.1922222222222222,0.19301369863013698,0.19945945945945945,0.1976,0.1993421052631579,0.19662337662337662,0.20025641025641025,0.20088607594936708,0.198,0.20506172839506173,0.2028048780487805,0.20325301204819277,0.19857142857142857,0.20658823529411766,0.20081395348837208,0.197816091954023,0.2018181818181818,0.20191011235955056,0.19544444444444445,0.20164835164835165,0.1983695652173913,0.20483870967741935,0.1972340425531915,0.2016842105263158,0.20020833333333332,0.2,0.19979591836734695,0.20444444444444446,0.1994,
15,0.18,0.23,0.22666666666666666,0.1875,0.208,0.21833333333333332,0.19285714285714287,0.235,0.20444444444444446,0.202,0.20545454545454545,0.21083333333333334,0.20692307692307693,0.19285714285714287,0.19133333333333333,0.19625,0.18470588235294116,0.19722222222222222,0.20684210526315788,0.2055,0.20047619047619047,0.1859090909090909,0.20043478260869566,0.19541666666666666,0.2064,0.20692307692307693,0.2051851851851852,0.19892857142857143,0.20862068965517241,0.21066666666666667,0.19580645161290322,0.1965625,0.1984848484848485,0.19941176470588234,0.2002857142857143,0.20083333333333334,0.2091891891891892,0.20394736842105263,0.19589743589743588,0.19275,0.20414634146341462,0.20523809523809525,0.20046511627906977,0.19863636363636364,0.19733333333333333,0.19804347826086957,0.20914893617021277,0.203125,0.1983673469387755,0.1964,0.19725490196078432,0.20134615384615384,0.19754716981132076,0.20074074074074075,0.20072727272727273,0.20392857142857143,0.1956140350877193,0.20086206896551725,0.2005084745762712,0.19916666666666666,0.19737704918032786,0.19693548387096774,0.19952380952380952,0.2040625,0.19923076923076924,0.1946969696969697,0.21164179104477612,0.20558823529411765,0.19376811594202897,0.19857142857142857,0.193943661971831,0.19902777777777778,0.2021917808219178,0.19635135135135134,0.20493333333333333,0.19592105263157894,0.19584415584415585,0.20243589743589743,0.20063291139240505,0.19525,0.19580246913580246,0.2003658536585366,0.20012048192771084,0.2019047619047619,0.20047058823529412,0.19511627906976745,0.19839080459770114,0.19977272727272727,0.20314606741573032,0.20033333333333334,0.20274725274725275,0.19510869565217392,0.199247311827957,0.20095744680851063,0.2028421052631579,0.20770833333333333,0.20216494845360825,0.20346938775510204,0.20373737373737374,0.2049,
16,0.24,0.185,0.19666666666666666,0.16,0.208,0.18666666666666668,0.2042857142857143,0.225,0.19666666666666666,0.211,0.19636363636363635,0.1925,0.20076923076923076,0.18571428571428572,0.20733333333333334,0.203125,0.1988235294117647,0.20777777777777778,0.21894736842105264,0.2135,0.2138095238095238,0.19636363636363635,0.20956521739130435,0.20791666666666667,0.2032,0.20076923076923076,0.20703703703703705,0.19607142857142856,0.1996551724137931,0.20233333333333334,0.20032258064516129,0.2046875,0.1896969696969697,0.2026470588235294,0.19114285714285714,0.18805555555555556,0.20324324324324325,0.1955263157894737,0.19897435897435897,0.19225,0.19902439024390245,0.19714285714285715,0.20348837209302326,0.19045454545454546,0.19444444444444445,0.20347826086956522,0.19106382978723405,0.20458333333333334,0.20224489795918368,0.195,0.19725490196078432,0.1975,0.1941509433962264,0.20592592592592593,0.19290909090909092,0.1992857142857143,0.19982456140350877,0.19793103448275862,0.20440677966101695,0.20333333333333334,0.19754098360655736,0.1929032258064516,0.2046031746031746,0.20125,0.2023076923076923,0.1937878787878788,0.19402985074626866,0.19676470588235295,0.2055072463768116,0.19742857142857143,0.20450704225352112,0.19958333333333333,0.19767123287671232,0.20418918918918919,0.2032,0.2019736842105263,0.20103896103896104,0.20038461538461538,0.20354430379746835,0.197875,0.19777777777777777,0.19902439024390245,0.19987951807228915,0.2055952380952381,0.20258823529411765,0.19883720930232557,0.20045977011494254,0.20011363636363635,0.20269662921348314,0.19966666666666666,0.19439560439560438,0.19293478260869565,0.19806451612903225,0.19914893617021276,0.2008421052631579,0.19208333333333333,0.20154639175257733,0.19704081632653062,0.2011111111111111,0.2037,
17,0.15,0.225,0.19666666666666666,0.2125,0.232,0.20833333333333334,0.18571428571428572,0.19875,0.19,0.193,0.19727272727272727,0.21416666666666667,0.19538461538461538,0.19714285714285715,0.20466666666666666,0.210625,0.20411764705882354,0.195,0.19526315789473683,0.197,0.2061904761904762,0.19363636363636363,0.19826086956521738,0.21166666666666667,0.2072,0.19076923076923077,0.19962962962962963,0.19142857142857142,0.1917241379310345,0.207,0.19516129032258064,0.19875,0.19666666666666666,0.19117647058823528,0.2077142857142857,0.20222222222222222,0.20810810810810812,0.2,0.19948717948717948,0.20525,0.18902439024390244,0.1961904761904762,0.1986046511627907,0.20704545454545453,0.20222222222222222,0.19934782608695653,0.19957446808510637,0.204375,0.20265306122448978,0.1962,0.20490196078431372,0.19192307692307692,0.19433962264150945,0.2101851851851852,0.19145454545454546,0.20285714285714285,0.20087719298245615,0.20051724137931035,0.20135593220338982,0.20466666666666666,0.19393442622950818,0.19419354838709676,0.19873015873015873,0.200625,0.19984615384615384,0.20712121212121212,0.20283582089552238,0.19661764705882354,0.19681159420289854,0.19414285714285714,0.20169014084507042,0.20319444444444446,0.20095890410958905,0.19418918918918918,0.19013333333333332,0.19657894736842105,0.19454545454545455,0.19628205128205128,0.200126582278481,0.200875,0.20296296296296296,0.2,0.19518072289156627,0.2036904761904762,0.20141176470588235,0.20011627906976745,0.19080459770114944,0.19477272727272726,0.20775280898876405,0.19755555555555557,0.19725274725274725,0.20478260869565218,0.1939784946236559,0.20319148936170212,0.20189473684210527,0.19791666666666666,0.2020618556701031,0.1976530612244898,0.19808080808080808,0.2008,
18,0.2,0.225,0.22666666666666666,0.22,0.212,0.19,0.21,0.185,0.1811111111111111,0.198,0.2018181818181818,0.19666666666666666,0.19538461538461538,0.19142857142857142,0.18933333333333333,0.19875,0.19058823529411764,0.18611111111111112,0.20526315789473684,0.207,0.19857142857142857,0.21045454545454545,0.19217391304347825,0.2,0.2032,0.20807692307692308,0.19037037037037038,0.1992857142857143,0.19655172413793104,0.20766666666666667,0.19709677419354837,0.2028125,0.19090909090909092,0.19852941176470587,0.2002857142857143,0.20805555555555555,0.20324324324324325,0.2044736842105263,0.2012820512820513,0.198,0.20073170731707318,0.1988095238095238,0.1983720930232558,0.19022727272727272,0.19444444444444445,0.1973913043478261,0.19957446808510637,0.195625,0.19612244897959183,0.2012,0.20627450980392156,0.2101923076923077,0.19132075471698112,0.20537037037037037,0.2081818181818182,0.19785714285714287,0.20298245614035088,0.20293103448275862,0.2040677966101695,0.195,0.19540983606557377,0.20790322580645162,0.19174603174603175,0.20171875,0.20353846153846153,0.19636363636363635,0.19208955223880597,0.20573529411764707,0.19768115942028985,0.19657142857142856,0.19704225352112675,0.20194444444444445,0.19575342465753426,0.19702702702702704,0.20133333333333334,0.19921052631578948,0.19675324675324676,0.19974358974358974,0.19556962025316454,0.201125,0.2028395061728395,0.2028048780487805,0.20120481927710843,0.19833333333333333,0.19658823529411765,0.20209302325581396,0.20264367816091955,0.19488636363636364,0.1947191011235955,0.20122222222222222,0.20065934065934066,0.2006521739130435,0.1956989247311828,0.19276595744680852,0.19789473684210526,0.19697916666666668,0.20237113402061857,0.20224489795918368,0.19626262626262625,0.2018,
19,0.18,0.21,0.19333333333333333,0.2075,0.186,0.19166666666666668,0.18428571428571427,0.19875,0.19666666666666666,0.195,0.20272727272727273,0.19083333333333333,0.1930769230769231,0.19714285714285715,0.21266666666666667,0.2,0.2023529411764706,0.19833333333333333,0.19473684210526315,0.2,0.1961904761904762,0.1918181818181818,0.1973913043478261,0.20208333333333334,0.206,0.20846153846153845,0.20777777777777778,0.20607142857142857,0.20862068965517241,0.20033333333333334,0.20258064516129032,0.2021875,0.1993939393939394,0.20411764705882354,0.202,0.2011111111111111,0.20972972972972972,0.2036842105263158,0.20384615384615384,0.2025,0.20121951219512196,0.2092857142857143,0.19395348837209303,0.20704545454545453,0.19844444444444445,0.20543478260869566,0.19893617021276597,0.19833333333333333,0.20918367346938777,0.2008,0.20215686274509803,0.1998076923076923,0.19792452830188678,0.19,0.20054545454545455,0.20035714285714284,0.1968421052631579,0.20327586206896553,0.2016949152542373,0.1965,0.19967213114754098,0.20112903225806453,0.1988888888888889,0.2028125,0.19923076923076924,0.19727272727272727,0.20283582089552238,0.19558823529411765,0.1984057971014493,0.2017142857142857,0.1967605633802817,0.2086111111111111,0.19684931506849315,0.19878378378378378,0.20266666666666666,0.19710526315789473,0.1974025974025974,0.20423076923076924,0.19645569620253164,0.19575,0.1954320987654321,0.19926829268292684,0.2091566265060241,0.2,0.20188235294117646,0.19755813953488371,0.19425287356321838,0.20852272727272728,0.19573033707865167,0.19722222222222222,0.2056043956043956,0.20119565217391305,0.20139784946236558,0.19648936170212766,0.1908421052631579,0.1978125,0.19824742268041237,0.2007142857142857,0.19787878787878788,0.1984,
20,0.2,0.235,0.17666666666666667,0.2025,0.192,0.20666666666666667,0.20142857142857143,0.21125,0.1988888888888889,0.183,0.1990909090909091,0.20333333333333334,0.2,0.19857142857142857,0.18933333333333333,0.193125,0.20470588235294118,0.19944444444444445,0.19157894736842104,0.199,0.20333333333333334,0.19954545454545455,0.21391304347826087,0.19291666666666665,0.2036,0.19576923076923078,0.19925925925925925,0.2007142857142857,0.1996551724137931,0.203,0.19806451612903225,0.205,0.2009090909090909,0.20411764705882354,0.2037142857142857,0.19166666666666668,0.19135135135135134,0.19973684210526316,0.20102564102564102,0.20625,0.20634146341463414,0.19952380952380952,0.1997674418604651,0.19818181818181818,0.1922222222222222,0.20978260869565218,0.19872340425531915,0.20625,0.2057142857142857,0.2048,0.19941176470588234,0.19346153846153846,0.2049056603773585,0.20407407407407407,0.2010909090909091,0.20125,0.19543859649122808,0.2025862068965517,0.19610169491525423,0.195,0.20557377049180328,0.19983870967741935,0.20142857142857143,0.2021875,0.20646153846153847,0.20681818181818182,0.19432835820895522,0.20205882352941176,0.20057971014492754,0.20485714285714285,0.1964788732394366,0.2073611111111111,0.19904109589041097,0.19986486486486488,0.20013333333333333,0.20355263157894737,0.20207792207792208,0.20487179487179488,0.1979746835443038,0.19925,0.19703703703703704,0.19817073170731708,0.19614457831325302,0.20511904761904762,0.20094117647058823,0.20313953488372094,0.20448275862068965,0.19386363636363638,0.20157303370786517,0.2048888888888889,0.19714285714285715,0.1981521739130435,0.19602150537634408,0.19936170212765958,0.20210526315789473,0.19520833333333334,0.20484536082474228,0.19816326530612244,0.20717171717171717,0.1999,
21,0.23,0.175,0.21333333333333335,0.1925,0.196,0.195,0.2,0.19625,0.19555555555555557,0.196,0.20454545454545456,0.19416666666666665,0.19692307692307692,0.195,0.21266666666666667,0.190625,0.1952941176470588,0.19555555555555557,0.21263157894736842,0.196,0.20142857142857143,0.19727272727272727,0.19782608695652174,0.21208333333333335,0.2016,0.19846153846153847,0.20148148148148148,0.19392857142857142,0.1989655172413793,0.19066666666666668,0.20419354838709677,0.2003125,0.2012121212121212,0.18764705882352942,0.20714285714285716,0.18888888888888888,0.19837837837837838,0.19736842105263158,0.20512820512820512,0.196,0.19560975609756098,0.20666666666666667,0.19953488372093023,0.20477272727272727,0.1968888888888889,0.20152173913043478,0.20191489361702128,0.204375,0.20081632653061224,0.2042,0.19294117647058823,0.20134615384615384,0.1932075471698113,0.2051851851851852,0.2081818181818182,0.20767857142857143,0.21052631578947367,0.205,0.20220338983050848,0.2015,0.19655737704918033,0.1982258064516129,0.1934920634920635,0.19875,0.20184615384615384,0.1968181818181818,0.20477611940298507,0.19955882352941176,0.2001449275362319,0.20514285714285715,0.2071830985915493,0.19430555555555556,0.18972602739726027,0.1981081081081081,0.20666666666666667,0.19263157894736843,0.2022077922077922,0.20615384615384616,0.20177215189873418,0.19925,0.2017283950617284,0.20182926829268294,0.20144578313253012,0.20297619047619048,0.19823529411764707,0.20534883720930233,0.20160919540229885,0.2046590909090909,0.20685393258426965,0.20377777777777778,0.19736263736263737,0.20467391304347826,0.1989247311827957,0.2078723404255319,0.1994736842105263,0.20239583333333333,0.198659793814433,0.19173469387755102,0.20030303030303032,0.2024,
22,0.18,0.215,0.17333333333333334,0.205,0.194,0.22333333333333333,0.22142857142857142,0.18,0.18444444444444444,0.203,0.19,0.20083333333333334,0.1776923076923077,0.19357142857142856,0.192,0.2075,0.21176470588235294,0.18722222222222223,0.19421052631578947,0.202,0.1823809523809524,0.20227272727272727,0.1991304347826087,0.20208333333333334,0.2072,0.1930769230769231,0.1922222222222222,0.2057142857142857,0.20206896551724138,0.196,0.19548387096774195,0.2021875,0.20212121212121212,0.20147058823529412,0.2002857142857143,0.20055555555555554,0.19945945945945945,0.2031578947368421,0.20743589743589744,0.1965,0.2046341463414634,0.20595238095238094,0.20046511627906977,0.2,0.19977777777777778,0.19021739130434784,0.2046808510638298,0.20333333333333334,0.19551020408163267,0.1988,0.1996078431372549,0.1971153846153846,0.1949056603773585,0.19666666666666666,0.198,0.2007142857142857,0.20087719298245615,0.20603448275862069,0.19932203389830508,0.2015,0.19901639344262295,0.19129032258064516,0.20682539682539683,0.19765625,0.19676923076923078,0.20030303030303032,0.19044776119402984,0.20602941176470588,0.20478260869565218,0.19685714285714287,0.2052112676056338,0.18944444444444444,0.1973972602739726,0.19783783783783784,0.198,0.2038157894736842,0.20064935064935066,0.19846153846153847,0.20531645569620252,0.198125,0.20530864197530865,0.2001219512195122,0.19566265060240964,0.20261904761904762,0.20094117647058823,0.2022093023255814,0.19666666666666666,0.1953409090909091,0.19764044943820225,0.20533333333333334,0.20153846153846153,0.20347826086956522,0.20043010752688173,0.19074468085106383,0.20210526315789473,0.19739583333333333,0.19350515463917525,0.20653061224489797,0.19686868686868686,0.2003,
23,0.21,0.245,0.20666666666666667,0.1925,0.2,0.19666666666666666,0.19714285714285715,0.21,0.1811111111111111,0.202,0.21545454545454545,0.185,0.2076923076923077,0.19642857142857142,0.21066666666666667,0.20625,0.20529411764705882,0.19611111111111112,0.2131578947368421,0.205,0.20285714285714285,0.19136363636363637,0.1973913043478261,0.205,0.216,0.2,0.1985185185185185,0.19714285714285715,0.20206896551724138,0.19033333333333333,0.20548387096774193,0.2021875,0.20212121212121212,0.2038235294117647,0.21,0.19527777777777777,0.19567567567567568,0.20078947368421052,0.19564102564102565,0.197,0.19878048780487806,0.20547619047619048,0.20906976744186045,0.20227272727272727,0.2011111111111111,0.20347826086956522,0.19553191489361701,0.20916666666666667,0.19877551020408163,0.2016,0.19941176470588234,0.19538461538461538,0.20320754716981132,0.19055555555555556,0.2061818181818182,0.19785714285714287,0.19421052631578947,0.20017241379310344,0.20423728813559322,0.19866666666666666,0.20311475409836066,0.19532258064516128,0.19825396825396827,0.20203125,0.19076923076923077,0.20924242424242423,0.19791044776119404,0.2,0.2055072463768116,0.20257142857142857,0.20492957746478874,0.19819444444444445,0.20068493150684932,0.19675675675675675,0.20013333333333333,0.20171052631578948,0.19454545454545455,0.19397435897435897,0.1991139240506329,0.196625,0.19950617283950617,0.20390243902439023,0.20759036144578313,0.19678571428571429,0.1983529411764706,0.20488372093023255,0.197816091954023,0.19920454545454547,0.20101123595505618,0.2018888888888889,0.1956043956043956,0.20304347826086958,0.18924731182795698,0.19925531914893618,0.19989473684210526,0.2003125,0.2020618556701031,0.1923469387755102,0.2008080808080808,0.2005,
24,0.18,0.205,0.18,0.2175,0.196,0.18,0.19428571428571428,0.20875,0.20222222222222222,0.187,0.17363636363636364,0.17583333333333334,0.1976923076923077,0.19357142857142856,0.18866666666666668,0.201875,0.20588235294117646,0.2038888888888889,0.2063157894736842,0.197,0.19904761904761906,0.20318181818181819,0.1917391304347826,0.19291666666666665,0.204,0.19576923076923078,0.19185185185185186,0.20392857142857143,0.19655172413793104,0.19566666666666666,0.2067741935483871,0.1940625,0.1990909090909091,0.20294117647058824,0.19742857142857143,0.205,0.2118918918918919,0.20210526315789473,0.2012820512820513,0.1955,0.20121951219512196,0.1930952380952381,0.20116279069767443,0.20909090909090908,0.20844444444444443,0.19934782608695653,0.2048936170212766,0.18979166666666666,0.19448979591836735,0.201,0.1976470588235294,0.20115384615384616,0.19169811320754718,0.20166666666666666,0.20745454545454545,0.1980357142857143,0.20192982456140351,0.19724137931034483,0.19677966101694916,0.20483333333333334,0.20885245901639343,0.20516129032258065,0.1949206349206349,0.19921875,0.2053846153846154,0.20681818181818182,0.19940298507462687,0.1998529411764706,0.20043478260869566,0.20814285714285713,0.20394366197183098,0.19777777777777777,0.20054794520547944,0.20594594594594595,0.19706666666666667,0.1955263157894737,0.19415584415584416,0.19974358974358974,0.19784810126582278,0.20075,0.2034567901234568,0.19634146341463415,0.1944578313253012,0.20166666666666666,0.20305882352941176,0.19662790697674418,0.19597701149425287,0.19795454545454547,0.20179775280898876,0.19944444444444445,0.20252747252747252,0.1992391304347826,0.20139784946236558,0.19957446808510637,0.20126315789473684,0.201875,0.2029896907216495,0.19724489795918368,0.19707070707070706,0.1998,
25,0.21,0.2,0.19333333333333333,0.2,0.186,0.21,0.18857142857142858,0.1825,0.2011111111111111,0.228,0.18545454545454546,0.1975,0.19692307692307692,0.19214285714285714,0.192,0.201875,0.20352941176470588,0.1988888888888889,0.20894736842105263,0.1925,0.18428571428571427,0.19590909090909092,0.2026086956521739,0.205,0.2128,0.19346153846153846,0.1985185185185185,0.20607142857142857,0.19551724137931034,0.201,0.19903225806451613,0.1984375,0.19454545454545455,0.20323529411764707,0.20057142857142857,0.20666666666666667,0.19216216216216217,0.19210526315789472,0.1976923076923077,0.214,0.21341463414634146,0.205,0.1958139534883721,0.2081818181818182,0.20222222222222222,0.205,0.19851063829787233,0.20104166666666667,0.20244897959183675,0.2032,0.2027450980392157,0.1975,0.19566037735849057,0.2037037037037037,0.2050909090909091,0.19964285714285715,0.1924561403508772,0.1967241379310345,0.2052542372881356,0.20183333333333334,0.200327868852459,0.20483870967741935,0.2019047619047619,0.19484375,0.20276923076923076,0.20393939393939395,0.19880597014925372,0.20323529411764707,0.20072463768115942,0.2022857142857143,0.19577464788732393,0.19555555555555557,0.19684931506849315,0.20270270270270271,0.2,0.19789473684210526,0.2044155844155844,0.1935897435897436,0.19683544303797468,0.20175,0.20049382716049383,0.19451219512195123,0.20204819277108435,0.1988095238095238,0.20258823529411765,0.1986046511627907,0.20103448275862068,0.18829545454545454,0.20235955056179775,0.2031111111111111,0.19538461538461538,0.20228260869565218,0.20193548387096774,0.20170212765957446,0.20178947368421052,0.19739583333333333,0.20154639175257733,0.20091836734693877,0.19606060606060607,0.2006,
26,0.16,0.17,0.19333333333333333,0.1975,0.198,0.19333333333333333,0.19714285714285715,0.22,0.2222222222222222,0.195,0.20636363636363636,0.21416666666666667,0.18923076923076923,0.19642857142857142,0.21466666666666667,0.21625,0.19411764705882353,0.19555555555555557,0.21,0.201,0.19285714285714287,0.19863636363636364,0.20478260869565218,0.18208333333333335,0.2068,0.19807692307692307,0.20037037037037037,0.20464285714285715,0.2096551724137931,0.20166666666666666,0.20935483870967742,0.19625,0.20909090909090908,0.20823529411764705,0.18714285714285714,0.19555555555555557,0.20378378378378378,0.20157894736842105,0.19564102564102565,0.20325,0.20219512195121953,0.20595238095238094,0.1997674418604651,0.19954545454545455,0.20733333333333334,0.21130434782608695,0.19574468085106383,0.19979166666666667,0.20489795918367346,0.1916,0.19431372549019607,0.19634615384615384,0.19905660377358492,0.20074074074074075,0.20672727272727273,0.20785714285714285,0.20614035087719298,0.20793103448275863,0.19847457627118645,0.20216666666666666,0.19672131147540983,0.20080645161290323,0.1946031746031746,0.20140625,0.20246153846153847,0.1987878787878788,0.19850746268656716,0.20544117647058824,0.19782608695652174,0.19957142857142857,0.19774647887323943,0.2036111111111111,0.20273972602739726,0.20378378378378378,0.19786666666666666,0.19460526315789473,0.19792207792207792,0.20435897435897435,0.20721518987341772,0.20325,0.20407407407407407,0.20170731707317074,0.20373493975903614,0.20035714285714284,0.19670588235294117,0.21011627906976743,0.20551724137931035,0.20011363636363635,0.20449438202247192,0.2041111111111111,0.2032967032967033,0.20184782608695653,0.20118279569892472,0.20085106382978724,0.1965263157894737,0.19333333333333333,0.1945360824742268,0.20061224489795917,0.1918181818181818,0.2002,
27,0.2,0.22,0.22,0.19,0.186,0.20833333333333334,0.15571428571428572,0.19125,0.19777777777777777,0.197,0.20727272727272728,0.1825,0.19384615384615383,0.19285714285714287,0.21133333333333335,0.20125,0.2164705882352941,0.19722222222222222,0.2005263157894737,0.196,0.20095238095238097,0.2268181818181818,0.20391304347826086,0.19416666666666665,0.1972,0.19884615384615384,0.20185185185185187,0.2082142857142857,0.19413793103448276,0.20833333333333334,0.20741935483870969,0.2025,0.2015151515151515,0.19588235294117648,0.19342857142857142,0.2086111111111111,0.20270270270270271,0.2,0.1987179487179487,0.21175,0.204390243902439,0.1976190476190476,0.1986046511627907,0.20636363636363636,0.19822222222222222,0.18956521739130436,0.2023404255319149,0.19875,0.20612244897959184,0.2034,0.21411764705882352,0.1946153846153846,0.20452830188679244,0.20092592592592592,0.2010909090909091,0.19553571428571428,0.20280701754385966,0.1917241379310345,0.20491525423728812,0.19983333333333334,0.1918032786885246,0.20548387096774193,0.2038095238095238,0.19828125,0.19138461538461538,0.1965151515151515,0.20134328358208956,0.19823529411764707,0.20449275362318842,0.1987142857142857,0.20028169014084507,0.19583333333333333,0.19534246575342465,0.20756756756756756,0.20093333333333332,0.19723684210526315,0.19207792207792207,0.20192307692307693,0.1982278481012658,0.205625,0.19925925925925925,0.20573170731707316,0.20674698795180724,0.19654761904761905,0.20011764705882354,0.20116279069767443,0.19954022988505746,0.19863636363636364,0.19561797752808988,0.19733333333333333,0.20604395604395603,0.19869565217391305,0.20032258064516129,0.19882978723404254,0.20115789473684212,0.2,0.19278350515463918,0.19989795918367348,0.1998989898989899,0.1931,
28,0.16,0.21,0.21333333333333335,0.195,0.224,0.18333333333333332,0.19,0.195,0.22666666666666666,0.203,0.19363636363636363,0.21,0.20923076923076922,0.185,0.20066666666666666,0.203125,0.17941176470588235,0.19055555555555556,0.19052631578947368,0.2145,0.2061904761904762,0.1918181818181818,0.20695652173913043,0.19666666666666666,0.2088,0.19538461538461538,0.2051851851851852,0.1992857142857143,0.21,0.20533333333333334,0.2032258064516129,0.2034375,0.20636363636363636,0.19970588235294118,0.19485714285714287,0.19916666666666666,0.19135135135135134,0.2013157894736842,0.1987179487179487,0.193,0.20121951219512196,0.19523809523809524,0.2044186046511628,0.20227272727272727,0.19866666666666666,0.20369565217391306,0.19702127659574467,0.19916666666666666,0.20265306122448978,0.1968,0.20431372549019608,0.19615384615384615,0.19132075471698112,0.2037037037037037,0.19872727272727272,0.2007142857142857,0.19982456140350877,0.20103448275862068,0.20508474576271185,0.20666666666666667,0.1959016393442623,0.1985483870967742,0.2088888888888889,0.1940625,0.18661538461538463,0.20666666666666667,0.20343283582089552,0.19294117647058823,0.20144927536231885,0.19857142857142857,0.19971830985915492,0.2,0.2054794520547945,0.20054054054054055,0.19666666666666666,0.19881578947368422,0.19753246753246753,0.18974358974358974,0.21113924050632912,0.200125,0.20444444444444446,0.19878048780487806,0.20240963855421687,0.19940476190476192,0.20129411764705882,0.20546511627906977,0.20471264367816092,0.19772727272727272,0.21146067415730338,0.20077777777777778,0.19516483516483515,0.19945652173913042,0.19333333333333333,0.1998936170212766,0.20042105263157894,0.203125,0.2029896907216495,0.20581632653061224,0.20232323232323232,0.2089,
29,0.21,0.235,0.18,0.1475,0.204,0.19833333333333333,0.20285714285714285,0.19875,0.1922222222222222,0.211,0.18818181818181817,0.2,0.19384615384615383,0.1992857142857143,0.202,0.205625,0.2076470588235294,0.20333333333333334,0.19421052631578947,0.199,0.19714285714285715,0.19136363636363637,0.2026086956521739,0.1975,0.2004,0.20615384615384616,0.20407407407407407,0.20142857142857143,0.18827586206896552,0.194,0.19129032258064516,0.1953125,0.2018181818181818,0.20529411764705882,0.19942857142857143,0.20777777777777778,0.20108108108108108,0.20605263157894738,0.20512820512820512,0.201,0.20243902439024392,0.19714285714285715,0.20767441860465116,0.19545454545454546,0.20444444444444446,0.20891304347826087,0.19340425531914893,0.194375,0.19,0.2012,0.19411764705882353,0.20326923076923076,0.19641509433962265,0.20333333333333334,0.19072727272727272,0.19625,0.19631578947368422,0.19620689655172413,0.1959322033898305,0.19516666666666665,0.19311475409836065,0.19516129032258064,0.19428571428571428,0.20046875,0.2003076923076923,0.1993939393939394,0.20134328358208956,0.1976470588235294,0.20072463768115942,0.19885714285714284,0.1967605633802817,0.19569444444444445,0.2052054794520548,0.19648648648648648,0.19773333333333334,0.1943421052631579,0.2016883116883117,0.20102564102564102,0.20025316455696202,0.200125,0.19839506172839505,0.1928048780487805,0.20048192771084336,0.19535714285714287,0.206,0.20348837209302326,0.1960919540229885,0.20386363636363636,0.1995505617977528,0.19933333333333333,0.20043956043956043,0.1992391304347826,0.19849462365591397,0.1951063829787234,0.1994736842105263,0.194375,0.20144329896907218,0.20244897959183675,0.2001010101010101,0.2005,
30,0.18,0.23,0.18666666666666668,0.1675,0.2,0.18666666666666668,0.18428571428571427,0.20125,0.18555555555555556,0.188,0.19727272727272727,0.19166666666666668,0.21076923076923076,0.2042857142857143,0.20933333333333334,0.19875,0.1988235294117647,0.2,0.2026315789473684,0.202,0.19428571428571428,0.20363636363636364,0.2008695652173913,0.20166666666666666,0.2044,0.19846153846153847,0.1937037037037037,0.20142857142857143,0.19344827586206897,0.21,0.19516129032258064,0.203125,0.19636363636363635,0.20205882352941176,0.2002857142857143,0.20472222222222222,0.20270270270270271,0.20789473684210527,0.191025641025641,0.20375,0.19902439024390245,0.2061904761904762,0.19372093023255815,0.18863636363636363,0.20422222222222222,0.19760869565217393,0.19404255319148936,0.195,0.20408163265306123,0.2068,0.1927450980392157,0.20173076923076924,0.19962264150943396,0.1948148148148148,0.1970909090909091,0.20160714285714285,0.1987719298245614,0.2046551724137931,0.19779661016949152,0.205,0.20114754098360657,0.20129032258064516,0.1980952380952381,0.20140625,0.19723076923076924,0.20318181818181819,0.201044776119403,0.1913235294117647,0.2063768115942029,0.20385714285714285,0.20098591549295775,0.2036111111111111,0.20095890410958905,0.19972972972972974,0.202,0.19657894736842105,0.19597402597402597,0.20153846153846153,0.20582278481012659,0.195875,0.2011111111111111,0.19890243902439025,0.2008433734939759,0.1980952380952381,0.20152941176470587,0.2013953488372093,0.1974712643678161,0.20125,0.20168539325842696,0.195,0.19439560439560438,0.20054347826086957,0.19774193548387098,0.20117021276595745,0.19957894736842105,0.19770833333333335,0.19917525773195877,0.19724489795918368,0.1997979797979798,0.2045,
31,0.18,0.2,0.21333333333333335,0.1875,0.188,0.18833333333333332,0.18857142857142858,0.19625,0.19333333333333333,0.198,0.19545454545454546,0.2,0.20461538461538462,0.2007142857142857,0.20266666666666666,0.205,0.21176470588235294,0.20333333333333334,0.18894736842105264,0.203,0.20476190476190476,0.2059090909090909,0.2108695652173913,0.20375,0.1876,0.2023076923076923,0.19925925925925925,0.20535714285714285,0.20758620689655172,0.2,0.20161290322580644,0.1884375,0.19454545454545455,0.19823529411764707,0.2,0.1988888888888889,0.20054054054054055,0.20105263157894737,0.20384615384615384,0.19625,0.19926829268292684,0.20333333333333334,0.20046511627906977,0.19090909090909092,0.20222222222222222,0.20021739130434782,0.19191489361702127,0.204375,0.20612244897959184,0.1974,0.19941176470588234,0.2001923076923077,0.20075471698113206,0.19574074074074074,0.19618181818181818,0.19714285714285715,0.20035087719298245,0.19844827586206898,0.19779661016949152,0.1995,0.20245901639344263,0.20709677419354838,0.19555555555555557,0.19921875,0.20076923076923076,0.20424242424242425,0.20343283582089552,0.19941176470588234,0.2018840579710145,0.19642857142857142,0.2004225352112676,0.1986111111111111,0.19794520547945205,0.20094594594594595,0.2028,0.2063157894736842,0.19025974025974027,0.20692307692307693,0.19936708860759494,0.1995,0.19444444444444445,0.19878048780487806,0.19734939759036144,0.19738095238095238,0.19752941176470587,0.19674418604651162,0.20126436781609194,0.19647727272727272,0.1993258426966292,0.19722222222222222,0.20197802197802198,0.1975,0.20709677419354838,0.1952127659574468,0.20473684210526316,0.20145833333333332,0.19484536082474227,0.19908163265306122,0.1990909090909091,0.2002,
32,0.23,0.185,0.19333333333333333,0.1975,0.214,0.215,0.1957142857142857,0.18625,0.1922222222222222,0.215,0.18818181818181817,0.1875,0.18153846153846154,0.21571428571428572,0.2,0.195625,0.19705882352941176,0.20055555555555554,0.20157894736842105,0.207,0.2038095238095238,0.21181818181818182,0.20130434782608694,0.20458333333333334,0.206,0.20461538461538462,0.19740740740740742,0.2007142857142857,0.2013793103448276,0.20633333333333334,0.18870967741935485,0.1934375,0.19545454545454546,0.20058823529411765,0.1977142857142857,0.2,0.20216216216216215,0.2055263157894737,0.20794871794871794,0.19875,0.1951219512195122,0.20476190476190476,0.2,0.20272727272727273,0.2048888888888889,0.20478260869565218,0.21340425531914894,0.19916666666666666,0.20204081632653062,0.1982,0.20215686274509803,0.19634615384615384,0.1969811320754717,0.19055555555555556,0.19690909090909092,0.2007142857142857,0.19719298245614036,0.19844827586206898,0.19254237288135592,0.187,0.19852459016393442,0.20629032258064517,0.20444444444444446,0.200625,0.19338461538461538,0.2177272727272727,0.19955223880597014,0.20588235294117646,0.19956521739130434,0.19942857142857143,0.19718309859154928,0.19819444444444445,0.1952054794520548,0.20013513513513514,0.20573333333333332,0.19815789473684212,0.1987012987012987,0.1982051282051282,0.1959493670886076,0.20425,0.18962962962962962,0.19475609756097562,0.19734939759036144,0.19964285714285715,0.20423529411764707,0.19906976744186047,0.20172413793103447,0.19852272727272727,0.19258426966292136,0.1952222222222222,0.20131868131868133,0.19891304347826086,0.19602150537634408,0.19670212765957445,0.19789473684210526,0.198125,0.19804123711340207,0.2004081632653061,0.1986868686868687,0.1987,
33,0.22,0.215,0.18,0.215,0.194,0.19833333333333333,0.21285714285714286,0.19375,0.22,0.198,0.19636363636363635,0.18083333333333335,0.20384615384615384,0.18857142857142858,0.20533333333333334,0.19125,0.19117647058823528,0.20166666666666666,0.18842105263157893,0.1865,0.2,0.19818181818181818,0.19130434782608696,0.205,0.2084,0.19653846153846155,0.21333333333333335,0.20142857142857143,0.20379310344827586,0.20233333333333334,0.2032258064516129,0.1925,0.18575757575757576,0.2023529411764706,0.1982857142857143,0.20694444444444443,0.20351351351351352,0.2036842105263158,0.1946153846153846,0.2075,0.1975609756097561,0.20285714285714285,0.18953488372093022,0.2075,0.19822222222222222,0.20130434782608694,0.19914893617021276,0.200625,0.19081632653061226,0.1982,0.20431372549019608,0.20192307692307693,0.20018867924528302,0.19037037037037038,0.19545454545454546,0.2032142857142857,0.2005263157894737,0.1996551724137931,0.20372881355932204,0.196,0.1978688524590164,0.19516129032258064,0.19746031746031745,0.20328125,0.20153846153846153,0.2062121212121212,0.19611940298507463,0.19544117647058823,0.20115942028985506,0.19214285714285714,0.19929577464788734,0.19819444444444445,0.20164383561643837,0.19743243243243244,0.20106666666666667,0.19973684210526316,0.1951948051948052,0.19987179487179488,0.20303797468354431,0.203625,0.20037037037037037,0.20365853658536584,0.20337349397590362,0.20357142857142857,0.20058823529411765,0.1977906976744186,0.20057471264367815,0.19625,0.20797752808988765,0.20666666666666667,0.20835164835164835,0.19717391304347825,0.19344086021505377,0.20553191489361702,0.19505263157894737,0.19385416666666666,0.19835051546391752,0.20785714285714285,0.19282828282828282,0.201,
34,0.21,0.18,0.17666666666666667,0.2225,0.202,0.21,0.20285714285714285,0.2175,0.19666666666666666,0.187,0.2,0.20666666666666667,0.21615384615384614,0.2057142857142857,0.206,0.194375,0.2023529411764706,0.20055555555555554,0.2,0.2035,0.1838095238095238,0.20045454545454544,0.1991304347826087,0.2025,0.1952,0.19846153846153847,0.2051851851851852,0.20035714285714284,0.1889655172413793,0.198,0.20161290322580644,0.1875,0.1987878787878788,0.19705882352941176,0.1957142857142857,0.19416666666666665,0.20864864864864865,0.1936842105263158,0.1971794871794872,0.2025,0.1948780487804878,0.20214285714285715,0.19627906976744186,0.20363636363636364,0.20444444444444446,0.20478260869565218,0.1997872340425532,0.21375,0.2063265306122449,0.1998,0.1996078431372549,0.2048076923076923,0.2049056603773585,0.20222222222222222,0.20072727272727273,0.1975,0.19964912280701755,0.20189655172413792,0.2023728813559322,0.19516666666666665,0.20262295081967213,0.20274193548387096,0.19507936507936507,0.20625,0.19784615384615384,0.20772727272727273,0.20671641791044776,0.19794117647058823,0.20304347826086958,0.19357142857142856,0.2032394366197183,0.19847222222222222,0.20082191780821917,0.20635135135135135,0.1964,0.20460526315789473,0.19597402597402597,0.19794871794871796,0.19936708860759494,0.199125,0.20530864197530865,0.20597560975609755,0.1972289156626506,0.2044047619047619,0.1963529411764706,0.1994186046511628,0.19954022988505746,0.1925,0.19797752808988764,0.19444444444444445,0.2010989010989011,0.19956521739130434,0.20516129032258065,0.20308510638297872,0.2031578947368421,0.19833333333333333,0.20278350515463917,0.1989795918367347,0.20464646464646466,0.1958,
35,0.17,0.19,0.18666666666666668,0.2025,0.164,0.18666666666666668,0.21857142857142858,0.19875,0.20333333333333334,0.196,0.20454545454545456,0.19833333333333333,0.2169230769230769,0.18785714285714286,0.19666666666666666,0.199375,0.20294117647058824,0.19833333333333333,0.2063157894736842,0.1945,0.20476190476190476,0.19863636363636364,0.2,0.20791666666666667,0.2016,0.1996153846153846,0.20962962962962964,0.20785714285714285,0.20344827586206896,0.207,0.1925806451612903,0.2034375,0.20333333333333334,0.20294117647058824,0.198,0.195,0.19378378378378378,0.19921052631578948,0.2,0.1955,0.20341463414634145,0.1961904761904762,0.20674418604651162,0.2056818181818182,0.19755555555555557,0.19152173913043477,0.19404255319148936,0.20083333333333334,0.19448979591836735,0.1956,0.20705882352941177,0.1926923076923077,0.2020754716981132,0.2088888888888889,0.19690909090909092,0.1994642857142857,0.19456140350877194,0.20172413793103447,0.19898305084745763,0.20016666666666666,0.20147540983606557,0.20096774193548386,0.1934920634920635,0.1996875,0.20323076923076924,0.19803030303030303,0.19656716417910447,0.1963235294117647,0.20652173913043478,0.20157142857142857,0.2028169014084507,0.19944444444444445,0.2015068493150685,0.19405405405405404,0.1984,0.20657894736842106,0.20376623376623376,0.20064102564102565,0.1982278481012658,0.20075,0.19925925925925925,0.1901219512195122,0.19686746987951806,0.20797619047619048,0.20294117647058824,0.20430232558139536,0.19885057471264367,0.2028409090909091,0.19651685393258428,0.197,0.19923076923076924,0.19945652173913042,0.20172043010752688,0.20457446808510638,0.2025263157894737,0.1965625,0.201340206185567,0.1980612244897959,0.19696969696969696,0.1978,
36,0.18,0.21,0.21333333333333335,0.1975,0.206,0.19166666666666668,0.2,0.185,0.19111111111111112,0.2,0.19272727272727272,0.20166666666666666,0.19615384615384615,0.21214285714285713,0.19666666666666666,0.186875,0.19588235294117648,0.19777777777777777,0.19105263157894736,0.1965,0.2123809523809524,0.19818181818181818,0.2,0.19625,0.1868,0.1996153846153846,0.1925925925925926,0.19892857142857143,0.19310344827586207,0.21133333333333335,0.19741935483870968,0.2059375,0.19272727272727272,0.2,0.19914285714285715,0.19916666666666666,0.20540540540540542,0.19842105263157894,0.20666666666666667,0.19375,0.19829268292682928,0.19785714285714287,0.19813953488372094,0.19545454545454546,0.21155555555555555,0.19521739130434781,0.20680851063829786,0.206875,0.20408163265306123,0.2038,0.20215686274509803,0.19826923076923078,0.2039622641509434,0.19925925925925925,0.20272727272727273,0.20035714285714284,0.20385964912280702,0.20344827586206896,0.2005084745762712,0.20566666666666666,0.20475409836065575,0.20306451612903226,0.20825396825396825,0.20015625,0.19907692307692307,0.19954545454545455,0.20238805970149254,0.19955882352941176,0.2008695652173913,0.195,0.1995774647887324,0.20083333333333334,0.2002739726027397,0.20027027027027028,0.20413333333333333,0.2030263157894737,0.20623376623376624,0.1973076923076923,0.20329113924050632,0.206875,0.20271604938271606,0.1954878048780488,0.19734939759036144,0.19226190476190477,0.1991764705882353,0.20209302325581396,0.19942528735632184,0.1918181818181818,0.2051685393258427,0.20044444444444445,0.19846153846153847,0.19619565217391305,0.20172043010752688,0.1976595744680851,0.1965263157894737,0.19520833333333334,0.1965979381443299,0.19724489795918368,0.20545454545454545,0.1915,
37,0.24,0.255,0.21,0.2025,0.19,0.21,0.19857142857142857,0.21625,0.19444444444444445,0.201,0.18727272727272729,0.20666666666666667,0.20384615384615384,0.1957142857142857,0.192,0.19375,0.1923529411764706,0.19555555555555557,0.19421052631578947,0.2065,0.20142857142857143,0.19636363636363635,0.2008695652173913,0.19958333333333333,0.2044,0.20923076923076922,0.19925925925925925,0.1992857142857143,0.1986206896551724,0.20666666666666667,0.1938709677419355,0.1978125,0.2,0.20911764705882352,0.196,0.20166666666666666,0.1927027027027027,0.1936842105263158,0.20256410256410257,0.20825,0.1975609756097561,0.1976190476190476,0.20069767441860464,0.19613636363636364,0.19177777777777777,0.19717391304347825,0.20063829787234042,0.19645833333333335,0.20244897959183675,0.2,0.20490196078431372,0.20423076923076924,0.19962264150943396,0.2,0.19872727272727272,0.19732142857142856,0.20035087719298245,0.20103448275862068,0.20101694915254237,0.19333333333333333,0.19278688524590165,0.19983870967741935,0.19412698412698412,0.19625,0.198,0.2018181818181818,0.20059701492537313,0.19058823529411764,0.1989855072463768,0.19157142857142856,0.20225352112676057,0.19972222222222222,0.2,0.1966216216216216,0.20373333333333332,0.2048684210526316,0.20532467532467533,0.20397435897435898,0.20721518987341772,0.196625,0.205679012345679,0.19878048780487806,0.19951807228915663,0.2013095238095238,0.2048235294117647,0.2027906976744186,0.19873563218390805,0.1943181818181818,0.2006741573033708,0.1981111111111111,0.19648351648351647,0.19282608695652173,0.2,0.1952127659574468,0.1965263157894737,0.200625,0.19752577319587628,0.20030612244897958,0.1996969696969697,0.2012,
38,0.21,0.205,0.18333333333333332,0.2,0.204,0.20333333333333334,0.18,0.18,0.17777777777777778,0.177,0.21181818181818182,0.20083333333333334,0.19846153846153847,0.20214285714285715,0.18866666666666668,0.201875,0.1952941176470588,0.215,0.19526315789473683,0.2025,0.2,0.20454545454545456,0.18956521739130436,0.1925,0.2024,0.2,0.19814814814814816,0.19285714285714287,0.19275862068965519,0.19933333333333333,0.20387096774193547,0.199375,0.19121212121212122,0.20147058823529412,0.20457142857142857,0.1963888888888889,0.20432432432432432,0.1968421052631579,0.18794871794871795,0.19375,0.1975609756097561,0.19904761904761906,0.20488372093023255,0.19545454545454546,0.20066666666666666,0.20152173913043478,0.19808510638297872,0.195,0.20591836734693877,0.2002,0.1980392156862745,0.19576923076923078,0.19886792452830188,0.19462962962962962,0.1998181818181818,0.19464285714285715,0.19350877192982457,0.20103448275862068,0.19220338983050847,0.20633333333333334,0.20672131147540984,0.19596774193548386,0.2011111111111111,0.20390625,0.19323076923076923,0.1987878787878788,0.20164179104477611,0.2001470588235294,0.1981159420289855,0.19857142857142857,0.20183098591549295,0.1986111111111111,0.19945205479452055,0.19945945945945945,0.20346666666666666,0.19289473684210526,0.19818181818181818,0.20025641025641025,0.19734177215189874,0.19825,0.19666666666666666,0.19390243902439025,0.1991566265060241,0.20607142857142857,0.1983529411764706,0.20511627906976745,0.2025287356321839,0.19625,0.19303370786516855,0.20033333333333334,0.2056043956043956,0.2048913043478261,0.20526881720430107,0.20170212765957446,0.1966315789473684,0.1953125,0.2002061855670103,0.19918367346938776,0.20020202020202021,0.1965,
39,0.18,0.2,0.17333333333333334,0.225,0.216,0.225,0.21285714285714286,0.1825,0.18444444444444444,0.212,0.20545454545454545,0.20333333333333334,0.21,0.20714285714285716,0.20266666666666666,0.206875,0.19470588235294117,0.2061111111111111,0.2073684210526316,0.205,0.19714285714285715,0.20363636363636364,0.20521739130434782,0.2,0.2068,0.18884615384615386,0.20037037037037037,0.20357142857142857,0.20172413793103447,0.193,0.1996774193548387,0.193125,0.1996969696969697,0.1952941176470588,0.1977142857142857,0.19833333333333333,0.20351351351351352,0.1955263157894737,0.20615384615384616,0.20375,0.20195121951219513,0.1980952380952381,0.20837209302325582,0.2059090909090909,0.18977777777777777,0.1967391304347826,0.19914893617021276,0.201875,0.19448979591836735,0.2028,0.20647058823529413,0.19596153846153846,0.2058490566037736,0.20185185185185187,0.2,0.1994642857142857,0.2094736842105263,0.205,0.19898305084745763,0.20783333333333334,0.19819672131147542,0.20129032258064516,0.2007936507936508,0.19421875,0.20215384615384616,0.20242424242424242,0.2055223880597015,0.20352941176470588,0.2001449275362319,0.2017142857142857,0.19450704225352114,0.19666666666666666,0.2054794520547945,0.19675675675675675,0.19866666666666666,0.19986842105263158,0.19766233766233765,0.20076923076923076,0.19772151898734178,0.200125,0.19790123456790124,0.19390243902439025,0.20409638554216866,0.19666666666666666,0.19741176470588234,0.20127906976744186,0.20770114942528736,0.19522727272727272,0.2007865168539326,0.19844444444444445,0.19736263736263737,0.20152173913043478,0.20139784946236558,0.19882978723404254,0.2036842105263158,0.20208333333333334,0.19350515463917525,0.20204081632653062,0.2001010101010101,0.2021,
40,0.11,0.215,0.14666666666666667,0.1675,0.2,0.21333333333333335,0.21142857142857144,0.2,0.20222222222222222,0.205,0.20272727272727273,0.21333333333333335,0.18307692307692308,0.21714285714285714,0.19266666666666668,0.190625,0.20823529411764705,0.18777777777777777,0.1994736842105263,0.216,0.21619047619047618,0.20045454545454544,0.1991304347826087,0.20166666666666666,0.192,0.19076923076923077,0.19703703703703704,0.20142857142857143,0.2024137931034483,0.194,0.19709677419354837,0.2146875,0.19424242424242424,0.20323529411764707,0.2057142857142857,0.19194444444444445,0.20756756756756756,0.19289473684210526,0.19846153846153847,0.1965,0.1978048780487805,0.19857142857142857,0.1958139534883721,0.19090909090909092,0.1968888888888889,0.19391304347826088,0.2023404255319149,0.19916666666666666,0.19306122448979593,0.2016,0.19117647058823528,0.20346153846153847,0.19245283018867926,0.20092592592592592,0.19727272727272727,0.19535714285714287,0.20228070175438598,0.19844827586206898,0.19389830508474576,0.20283333333333334,0.1898360655737705,0.20419354838709677,0.2,0.190625,0.19523076923076924,0.20515151515151514,0.20208955223880598,0.2036764705882353,0.19710144927536233,0.19157142857142856,0.19971830985915492,0.19569444444444445,0.19945205479452055,0.20283783783783785,0.20573333333333332,0.1975,0.19493506493506493,0.19371794871794873,0.19974683544303798,0.197125,0.1993827160493827,0.19463414634146342,0.20759036144578313,0.2061904761904762,0.20152941176470587,0.19906976744186047,0.1945977011494253,0.19625,0.2002247191011236,0.19866666666666666,0.2067032967032967,0.20184782608695653,0.199247311827957,0.19414893617021275,0.20178947368421052,0.20114583333333333,0.20030927835051546,0.1963265306122449,0.20040404040404042,0.2062,
41,0.15,0.22,0.18333333333333332,0.1975,0.214,0.20333333333333334,0.19428571428571428,0.2025,0.21444444444444444,0.196,0.2081818181818182,0.1975,0.20153846153846153,0.18857142857142858,0.19733333333333333,0.1925,0.18941176470588236,0.18444444444444444,0.1936842105263158,0.2085,0.20142857142857143,0.20272727272727273,0.20608695652173914,0.20125,0.184,0.20153846153846153,0.19592592592592592,0.195,0.19724137931034483,0.19833333333333333,0.1932258064516129,0.213125,0.19545454545454546,0.2088235294117647,0.20971428571428571,0.2025,0.20351351351351352,0.19289473684210526,0.1941025641025641,0.208,0.19317073170731708,0.19595238095238096,0.20046511627906977,0.20272727272727273,0.21133333333333335,0.20847826086956522,0.20872340425531916,0.20020833333333332,0.19510204081632654,0.1972,0.20019607843137255,0.20403846153846153,0.19962264150943396,0.19444444444444445,0.2030909090909091,0.18910714285714286,0.20701754385964913,0.19689655172413792,0.2040677966101695,0.19933333333333333,0.19459016393442624,0.19693548387096774,0.2,0.19859375,0.204,0.20196969696969697,0.20044776119402985,0.19558823529411765,0.2028985507246377,0.20957142857142858,0.20887323943661973,0.20097222222222222,0.20095890410958905,0.19554054054054054,0.19186666666666666,0.19986842105263158,0.19155844155844157,0.19782051282051283,0.20949367088607596,0.206375,0.20320987654320988,0.19085365853658537,0.19614457831325302,0.20452380952380952,0.1971764705882353,0.20197674418604653,0.20011494252873563,0.2021590909090909,0.1992134831460674,0.203,0.1946153846153846,0.20130434782608694,0.21107526881720431,0.19670212765957445,0.20273684210526316,0.19541666666666666,0.20051546391752578,0.19969387755102042,0.20464646464646466,0.2016,
42,0.2,0.2,0.18666666666666668,0.2075,0.174,0.225,0.18428571428571427,0.20375,0.19666666666666666,0.195,0.1890909090909091,0.21,0.1946153846153846,0.20857142857142857,0.19,0.209375,0.18,0.19666666666666666,0.1957894736842105,0.1895,0.20047619047619047,0.19863636363636364,0.20521739130434782,0.19083333333333333,0.2036,0.19923076923076924,0.2088888888888889,0.2032142857142857,0.20689655172413793,0.19033333333333333,0.20032258064516129,0.1996875,0.20424242424242425,0.205,0.19542857142857142,0.2013888888888889,0.19567567567567568,0.1918421052631579,0.19615384615384615,0.1965,0.20804878048780487,0.19785714285714287,0.1972093023255814,0.1968181818181818,0.19733333333333333,0.19782608695652174,0.19574468085106383,0.20208333333333334,0.2004081632653061,0.201,0.1903921568627451,0.19903846153846153,0.20754716981132076,0.19425925925925927,0.1930909090909091,0.19964285714285715,0.1949122807017544,0.19948275862068965,0.20016949152542374,0.20433333333333334,0.20426229508196722,0.20209677419354838,0.1980952380952381,0.20125,0.19584615384615384,0.20666666666666667,0.19597014925373135,0.19441176470588234,0.19652173913043477,0.2052857142857143,0.19774647887323943,0.20680555555555555,0.19602739726027396,0.1972972972972973,0.19453333333333334,0.20078947368421052,0.19675324675324676,0.20282051282051283,0.19734177215189874,0.201,0.1988888888888889,0.2025609756097561,0.19313253012048193,0.19773809523809524,0.2008235294117647,0.2013953488372093,0.20413793103448277,0.205,0.20235955056179775,0.1988888888888889,0.2078021978021978,0.2,0.20032258064516129,0.20170212765957446,0.19473684210526315,0.20166666666666666,0.19577319587628866,0.20204081632653062,0.20737373737373738,0.197,
43,0.23,0.205,0.21666666666666667,0.205,0.202,0.18333333333333332,0.21285714285714286,0.18875,0.19666666666666666,0.188,0.19090909090909092,0.20583333333333334,0.2053846153846154,0.21142857142857144,0.19133333333333333,0.20125,0.19941176470588234,0.19666666666666666,0.19052631578947368,0.197,0.20714285714285716,0.21045454545454545,0.20565217391304347,0.20125,0.1944,0.20076923076923076,0.2011111111111111,0.20857142857142857,0.20103448275862068,0.202,0.20032258064516129,0.21375,0.20606060606060606,0.19705882352941176,0.19428571428571428,0.19444444444444445,0.20216216216216215,0.20526315789473684,0.20076923076923076,0.20625,0.20634146341463414,0.19952380952380952,0.20232558139534884,0.19954545454545455,0.19266666666666668,0.20130434782608694,0.20042553191489362,0.2,0.1973469387755102,0.1986,0.19156862745098038,0.19384615384615383,0.2009433962264151,0.20462962962962963,0.20072727272727273,0.2030357142857143,0.19614035087719298,0.1967241379310345,0.1971186440677966,0.20533333333333334,0.19557377049180327,0.1967741935483871,0.20095238095238097,0.19640625,0.19276923076923078,0.19575757575757577,0.19567164179104476,0.19941176470588234,0.1991304347826087,0.19142857142857142,0.20098591549295775,0.19916666666666666,0.20246575342465753,0.2,0.19453333333333334,0.21223684210526317,0.20493506493506494,0.19923076923076924,0.20405063291139242,0.2045,0.19913580246913581,0.19146341463414634,0.1966265060240964,0.20511904761904762,0.20458823529411765,0.2044186046511628,0.19827586206896552,0.2044318181818182,0.1991011235955056,0.20255555555555554,0.20450549450549452,0.20456521739130434,0.19182795698924732,0.20180851063829788,0.2005263157894737,0.19979166666666667,0.2038144329896907,0.19520408163265307,0.19484848484848485,0.2003,
44,0.13,0.2,0.22,0.2,0.22,0.23,0.19,0.17375,0.2,0.212,0.19363636363636363,0.18416666666666667,0.1946153846153846,0.17642857142857143,0.19266666666666668,0.196875,0.2088235294117647,0.19555555555555557,0.2,0.1835,0.19047619047619047,0.20318181818181819,0.20695652173913043,0.21041666666666667,0.1944,0.1973076923076923,0.20444444444444446,0.19214285714285714,0.2003448275862069,0.197,0.20193548387096774,0.1896875,0.1984848484848485,0.19264705882352942,0.206,0.19194444444444445,0.20162162162162162,0.20684210526315788,0.20615384615384616,0.1985,0.19073170731707317,0.2069047619047619,0.20209302325581396,0.20227272727272727,0.19444444444444445,0.2093478260869565,0.20319148936170212,0.190625,0.18714285714285714,0.2026,0.20450980392156862,0.1975,0.18641509433962264,0.19444444444444445,0.1958181818181818,0.19339285714285714,0.1957894736842105,0.2063793103448276,0.20457627118644067,0.20466666666666666,0.19655737704918033,0.20129032258064516,0.19968253968253968,0.19515625,0.20107692307692307,0.19818181818181818,0.20164179104477611,0.19617647058823529,0.19710144927536233,0.19842857142857143,0.20507042253521127,0.20055555555555554,0.20205479452054795,0.1935135135135135,0.20133333333333334,0.21092105263157895,0.19532467532467532,0.2026923076923077,0.1940506329113924,0.201375,0.19679012345679012,0.2001219512195122,0.19132530120481928,0.20404761904761906,0.20023529411764707,0.20011627906976745,0.19735632183908047,0.2094318181818182,0.19966292134831462,0.20033333333333334,0.20417582417582417,0.1948913043478261,0.20118279569892472,0.19957446808510637,0.1986315789473684,0.20010416666666667,0.20309278350515464,0.19989795918367348,0.19616161616161615,0.195,
45,0.13,0.19,0.20666666666666667,0.1875,0.2,0.18333333333333332,0.20142857142857143,0.18625,0.20333333333333334,0.198,0.19,0.205,0.21384615384615385,0.2,0.2,0.1875,0.20647058823529413,0.19666666666666666,0.18736842105263157,0.2005,0.19857142857142857,0.20545454545454545,0.18782608695652173,0.19583333333333333,0.1976,0.19,0.19148148148148147,0.20642857142857143,0.1989655172413793,0.197,0.2061290322580645,0.199375,0.19696969696969696,0.19647058823529412,0.20914285714285713,0.20472222222222222,0.20540540540540542,0.1968421052631579,0.18974358974358974,0.198,0.20414634146341462,0.19476190476190477,0.2055813953488372,0.2109090909090909,0.18844444444444444,0.19717391304347825,0.19319148936170213,0.19979166666666667,0.1873469387755102,0.2028,0.2,0.205,0.19056603773584907,0.1962962962962963,0.19436363636363638,0.20285714285714285,0.2,0.20206896551724138,0.20186440677966103,0.202,0.19688524590163933,0.1946774193548387,0.19857142857142857,0.20203125,0.194,0.1937878787878788,0.20626865671641792,0.20176470588235293,0.19884057971014493,0.1992857142857143,0.20309859154929577,0.2,0.20424657534246576,0.20824324324324325,0.20266666666666666,0.19842105263157894,0.20285714285714285,0.20512820512820512,0.2049367088607595,0.2035,0.2034567901234568,0.1974390243902439,0.20337349397590362,0.20345238095238094,0.2023529411764706,0.20511627906976745,0.20045977011494254,0.20204545454545456,0.2002247191011236,0.19877777777777778,0.1991208791208791,0.2006521739130435,0.20580645161290323,0.19819148936170214,0.19715789473684212,0.20666666666666667,0.20412371134020618,0.20316326530612244,0.20454545454545456,0.2059,
46,0.2,0.23,0.2,0.18,0.196,0.19,0.2057142857142857,0.19375,0.2,0.204,0.1990909090909091,0.19416666666666665,0.19538461538461538,0.17714285714285713,0.198,0.209375,0.19941176470588234,0.19277777777777777,0.19210526315789472,0.2015,0.20476190476190476,0.21,0.20565217391304347,0.19916666666666666,0.202,0.21807692307692308,0.1985185185185185,0.19214285714285714,0.1996551724137931,0.20633333333333334,0.2032258064516129,0.1971875,0.19696969696969696,0.1952941176470588,0.19914285714285715,0.18194444444444444,0.2,0.19973684210526316,0.20076923076923076,0.1955,0.19463414634146342,0.2092857142857143,0.19348837209302325,0.2025,0.19511111111111112,0.195,0.19595744680851063,0.191875,0.19816326530612244,0.2056,0.20039215686274509,0.19846153846153847,0.20132075471698113,0.20148148148148148,0.19654545454545455,0.19767857142857143,0.19298245614035087,0.20103448275862068,0.19084745762711863,0.20366666666666666,0.19901639344262295,0.20274193548387096,0.1980952380952381,0.1984375,0.20292307692307693,0.1990909090909091,0.19492537313432837,0.19794117647058823,0.20115942028985506,0.20657142857142857,0.2067605633802817,0.21541666666666667,0.19835616438356166,0.19878378378378378,0.1976,0.2081578947368421,0.20233766233766234,0.20153846153846153,0.19658227848101265,0.1945,0.1997530864197531,0.2075609756097561,0.1966265060240964,0.1957142857142857,0.20047058823529412,0.20151162790697674,0.1996551724137931,0.18988636363636363,0.2002247191011236,0.20133333333333334,0.19142857142857142,0.20184782608695653,0.19236559139784945,0.19585106382978723,0.20094736842105262,0.19625,0.19216494845360824,0.19612244897959183,0.1995959595959596,0.1922,
47,0.22,0.195,0.19333333333333333,0.2125,0.202,0.20333333333333334,0.1957142857142857,0.20625,0.2,0.217,0.19818181818181818,0.20833333333333334,0.21076923076923076,0.1957142857142857,0.19066666666666668,0.2075,0.19117647058823528,0.1988888888888889,0.20157894736842105,0.1945,0.19428571428571428,0.19727272727272727,0.20304347826086958,0.19041666666666668,0.2156,0.20384615384615384,0.1925925925925926,0.19607142857142856,0.19758620689655174,0.198,0.20193548387096774,0.2046875,0.19575757575757577,0.19676470588235295,0.19657142857142856,0.2025,0.1962162162162162,0.1994736842105263,0.2,0.20025,0.20317073170731706,0.1992857142857143,0.20651162790697675,0.20045454545454544,0.21244444444444444,0.2041304347826087,0.2002127659574468,0.20541666666666666,0.1973469387755102,0.193,0.19372549019607843,0.20384615384615384,0.19716981132075473,0.19703703703703704,0.192,0.19196428571428573,0.20421052631578948,0.1986206896551724,0.19576271186440677,0.19616666666666666,0.19868852459016392,0.20080645161290323,0.20285714285714285,0.20203125,0.19907692307692307,0.20333333333333334,0.201044776119403,0.1988235294117647,0.2018840579710145,0.195,0.20197183098591548,0.2075,0.19493150684931507,0.19783783783783784,0.20146666666666666,0.20684210526315788,0.19623376623376623,0.19666666666666666,0.19556962025316454,0.198625,0.20222222222222222,0.19414634146341464,0.20048192771084336,0.19452380952380952,0.20270588235294118,0.20348837209302326,0.20195402298850576,0.19636363636363635,0.20134831460674157,0.19955555555555557,0.19934065934065934,0.19695652173913045,0.20193548387096774,0.1976595744680851,0.20326315789473684,0.1984375,0.19938144329896906,0.2089795918367347,0.19656565656565655,0.2037,
48,0.21,0.17,0.20666666666666667,0.2175,0.208,0.21666666666666667,0.19,0.19375,0.19444444444444445,0.194,0.2,0.20416666666666666,0.19615384615384615,0.1992857142857143,0.19666666666666666,0.2075,0.19058823529411764,0.19055555555555556,0.1794736842105263,0.1895,0.2019047619047619,0.20136363636363636,0.1934782608695652,0.20458333333333334,0.2036,0.19346153846153846,0.2,0.20035714285714284,0.20344827586206896,0.20366666666666666,0.1929032258064516,0.2053125,0.1906060606060606,0.20441176470588235,0.206,0.19916666666666666,0.20810810810810812,0.18421052631578946,0.20435897435897435,0.20725,0.19560975609756098,0.18714285714285714,0.203953488372093,0.20136363636363636,0.20755555555555555,0.20673913043478262,0.19829787234042554,0.20416666666666666,0.2010204081632653,0.194,0.1927450980392157,0.19653846153846155,0.19867924528301886,0.21777777777777776,0.20581818181818182,0.2032142857142857,0.19456140350877194,0.19448275862068964,0.2,0.19433333333333333,0.20426229508196722,0.20048387096774192,0.1949206349206349,0.2015625,0.2003076923076923,0.20075757575757575,0.20328358208955224,0.19455882352941176,0.1955072463768116,0.20842857142857144,0.1891549295774648,0.20083333333333334,0.2015068493150685,0.19837837837837838,0.1984,0.195,0.2031168831168831,0.1973076923076923,0.2020253164556962,0.201,0.19555555555555557,0.20646341463414633,0.1978313253012048,0.2005952380952381,0.20305882352941176,0.1963953488372093,0.19413793103448276,0.20238636363636364,0.20247191011235954,0.20133333333333334,0.2023076923076923,0.19630434782608697,0.20010752688172043,0.2024468085106383,0.2016842105263158,0.20010416666666667,0.19752577319587628,0.19755102040816327,0.1987878787878788,0.2051,
49,0.15,0.21,0.22333333333333333,0.24,0.208,0.205,0.18142857142857144,0.1975,0.2011111111111111,0.203,0.21818181818181817,0.19583333333333333,0.21,0.19285714285714287,0.19266666666666668,0.191875,0.2011764705882353,0.20722222222222222,0.18421052631578946,0.186,0.20523809523809525,0.19863636363636364,0.21434782608695652,0.19875,0.1924,0.19,0.2025925925925926,0.19678571428571429,0.20482758620689656,0.19833333333333333,0.20709677419354838,0.195,0.19515151515151516,0.2114705882352941,0.2037142857142857,0.1975,0.1989189189189189,0.2031578947368421,0.20435897435897435,0.20675,0.19658536585365854,0.20214285714285715,0.20325581395348838,0.19977272727272727,0.1988888888888889,0.19304347826086957,0.2074468085106383,0.20520833333333333,0.20857142857142857,0.1952,0.20705882352941177,0.2,0.20169811320754716,0.20685185185185184,0.19836363636363635,0.19607142857142856,0.19421052631578947,0.19879310344827586,0.21033898305084744,0.195,0.20245901639344263,0.20338709677419356,0.19365079365079366,0.19921875,0.2006153846153846,0.19757575757575757,0.1973134328358209,0.20279411764705882,0.2026086956521739,0.195,0.2028169014084507,0.1988888888888889,0.2026027397260274,0.20270270270270271,0.2016,0.1975,0.19363636363636363,0.20025641025641025,0.20253164556962025,0.197125,0.19679012345679012,0.19390243902439025,0.1980722891566265,0.2098809523809524,0.19517647058823528,0.19813953488372094,0.19494252873563217,0.19977272727272727,0.20235955056179775,0.19877777777777778,0.19923076923076924,0.20380434782608695,0.20236559139784946,0.19340425531914893,0.20189473684210527,0.20020833333333332,0.19082474226804125,0.20091836734693877,0.19696969696969696,0.1978,
50,0.21,0.22,0.20666666666666667,0.2025,0.206,0.20833333333333334,0.21428571428571427,0.17625,0.21333333333333335,0.195,0.20909090909090908,0.19416666666666665,0.20615384615384616,0.2042857142857143,0.20333333333333334,0.1925,0.1923529411764706,0.2061111111111111,0.1931578947368421,0.189,0.19428571428571428,0.20681818181818182,0.20521739130434782,0.21125,0.186,0.19576923076923078,0.19925925925925925,0.19785714285714287,0.19,0.20433333333333334,0.19032258064516128,0.1984375,0.1993939393939394,0.21323529411764705,0.20657142857142857,0.20055555555555554,0.1962162162162162,0.1936842105263158,0.2017948717948718,0.2015,0.20121951219512196,0.2042857142857143,0.20069767441860464,0.1943181818181818,0.20355555555555555,0.19978260869565218,0.19787234042553192,0.20479166666666668,0.19795918367346937,0.1986,0.19725490196078432,0.19673076923076924,0.19433962264150945,0.2024074074074074,0.202,0.19892857142857143,0.19719298245614036,0.19482758620689655,0.19440677966101694,0.19566666666666666,0.19934426229508198,0.2017741935483871,0.19666666666666666,0.19234375,0.1966153846153846,0.2053030303030303,0.19656716417910447,0.20573529411764707,0.2055072463768116,0.19857142857142857,0.19774647887323943,0.19944444444444445,0.20917808219178083,0.2004054054054054,0.19706666666666667,0.19605263157894737,0.2038961038961039,0.20051282051282052,0.20164556962025315,0.197,0.19679012345679012,0.20109756097560977,0.20433734939759035,0.20547619047619048,0.202,0.19674418604651162,0.20022988505747127,0.20477272727272727,0.1992134831460674,0.20333333333333334,0.1978021978021978,0.20054347826086957,0.19505376344086023,0.19595744680851063,0.19557894736842105,0.2015625,0.201340206185567,0.19948979591836735,0.19767676767676767,0.1992,
Avg,0.19000000000000006,0.2091,0.19899999999999995,0.19835,0.19904,0.2016,0.19902857142857136,0.197375,0.19893333333333327,0.20108000000000004,0.19816363636363638,0.19844999999999996,0.20099999999999998,0.19714285714285712,0.1997333333333332,0.19949999999999998,0.19865882352941175,0.19760000000000005,0.1979157894736842,0.19971999999999998,0.20001904761904757,0.19999090909090914,0.20174782608695646,0.2006916666666667,0.20059999999999992,0.19905384615384614,0.20016296296296296,0.20075714285714277,0.19932413793103446,0.20064666666666664,0.2001290322580645,0.1996,0.19854545454545458,0.20101764705882355,0.19948571428571424,0.19939444444444449,0.20122702702702702,0.19981578947368417,0.20091794871794874,0.20083,0.19973170731707326,0.20009047619047615,0.19984651162790698,0.2010818181818182,0.2004355555555556,0.2005478260869565,0.19992340425531915,0.2007083333333333,0.20033061224489804,0.19953200000000007,0.19999999999999993,0.19947307692307692,0.1980188679245283,0.20027407407407402,0.19962545454545455,0.19912500000000002,0.1998210526315789,0.20000689655172407,0.1996508474576271,0.20085333333333327,0.19892786885245897,0.20046129032258073,0.19938412698412697,0.19940937499999997,0.19992000000000007,0.2009181818181818,0.20018208955223885,0.19960882352941176,0.20018550724637676,0.1995028571428572,0.20050985915492958,0.20013333333333333,0.19989041095890406,0.199572972972973,0.19992533333333332,0.19962105263157895,0.19893506493506485,0.19979999999999998,0.20039746835443037,0.20002999999999996,0.19968148148148146,0.19914634146341467,0.20004578313253008,0.20071428571428573,0.20099764705882361,0.200753488372093,0.1998505747126437,0.1988840909090909,0.20078876404494386,0.2000977777777778,0.20025274725274733,0.20003260869565218,0.19968172043010748,0.19950212765957442,0.19950736842105268,0.19882916666666656,0.19941649484536084,0.19979387755102038,0.19974141414141416,0.200096,
