n,100,200,300,400,500,600,700,800,900,1000,1100,1200,1300,1400,1500,1600,1700,1800,1900,2000,2100,2200,2300,2400,2500,2600,2700,2800,2900,3000,3100,3200,3300,3400,3500,3600,3700,3800,3900,4000,4100,4200,4300,4400,4500,4600,4700,4800,4900,5000,5100,5200,5300,5400,5500,5600,5700,5800,5900,6000,6100,6200,6300,6400,6500,6600,6700,6800,6900,7000,7100,7200,7300,7400,7500,7600,7700,7800,7900,8000,8100,8200,8300,8400,8500,8600,8700,8800,8900,9000,9100,9200,9300,9400,9500,9600,9700,9800,9900,10000,Åšrednia
Test 1,2176,9857,22241,39547,63688,92163,122586,159472,193324,259265,305660,365879,438635,492495,560828,650478,720187,809343,895273,1004320,1095642,1209153,1357868,1442787,1568753,1659404,1774721,1945722,2131271,2281847,2399278,2576658,2715039,2898266,3028530,3246468,3403235,3635633,3865965,4011772,4229462,4380947,4621057,4880834,5017705,5300746,5556786,5740934,6081608,6208324,6518447,6768304,6967626,7332799,7591417,8014671,8203760,8260536,8663187,8923187,9331705,9605877,9916451,10231302,10631610,10838713,11389857,11647549,11734857,12090709,12609517,13034929,13324019,13756043,14255757,14577695,14666992,15166237,15583747,16022960,16317759,16775265,17396896,17601145,18043415,18684416,18970167,19015507,19591328,20218100,20951442,21183735,21762096,22178789,22598421,22935722,23842081,24181613,24752916,25219739
Test 2,2371,9638,22076,39550,63961,89173,125640,158341,197250,249226,308676,345675,423980,500283,565962,645972,752725,787535,879015,1003178,1103477,1218815,1293784,1417299,1557229,1694097,1821263,1956795,2139500,2201811,2416595,2570695,2710763,2892597,3080073,3280765,3368132,3611918,3848936,4024059,4163433,4450447,4634859,4932365,5110840,5303579,5577573,5751515,5967393,6293645,6489746,6755493,7053725,7334819,7658758,7842680,8110374,8421637,8709003,8930707,9390483,9556012,10008818,10169549,10543121,10898079,11159255,11454143,11672857,12001123,12598212,13140714,13361205,13877974,14209311,14235312,14925423,15163628,15765844,16004661,16484999,16746710,17186162,17574358,18040674,18276991,19027788,19398605,19619904,20427231,20792763,21246134,21636013,22086579,22517932,23011855,23364100,23558791,24453099,25045651
Test 3,2454,8968,22301,40319,62558,90602,126134,165825,203112,252525,303503,369313,434031,499812,555429,644992,698268,829460,890035,1008510,1105708,1181922,1308726,1468315,1597034,1683802,1827807,1919056,2086476,2244186,2379932,2532479,2682548,2862247,2992841,3270310,3408870,3627448,3725212,4016529,4111797,4467625,4686947,4798384,5084999,5214082,5658197,5735020,6106990,6231696,6496379,6722464,6988644,7275480,7537016,7722811,8078732,8387512,8688638,9053401,9350901,9687221,9991833,10267112,10522514,10978705,11133894,11545781,11720239,12039141,12562856,12884286,13326649,13676826,14005825,14467384,14875197,15040129,15563357,16022288,16383040,16777859,17041572,17640018,18148115,18256498,18896747,19255789,19682645,20227695,20624730,21169105,21748408,21930682,22706700,23111956,23381360,23858977,24483668,25388932
Test 4,2632,9568,23701,39230,64884,89007,123855,162343,201493,250745,298311,360206,420706,482067,564706,632989,727419,809485,909896,991006,1122817,1220409,1319065,1426859,1572852,1651892,1826143,1951590,2121005,2204881,2417046,2620877,2761910,2892666,3094000,3178417,3418844,3580738,3804009,4009012,4168636,4392524,4616510,4796225,5145031,5291058,5487155,5742804,6034131,6198178,6469620,6914130,7073452,7240663,7648429,7842371,7993826,8319394,8622379,9039086,9327988,9654383,9869078,10258314,10575123,10796737,11129858,11521792,11882382,12173780,12762509,13046991,13180044,13686082,13896742,14450401,14762186,15156721,15661306,15870234,16378453,16708052,17158436,17711389,18219578,18521780,18997040,19473932,19504815,19994780,20800864,21188828,21874833,22398981,22512105,23028589,23407418,24186106,24226965,24628593
Test 5,2293,10333,23615,40129,61221,92557,118803,156362,205461,252162,298897,364174,436875,488728,555762,635441,724395,821406,917688,989634,1108721,1220140,1347422,1409258,1565782,1643766,1816011,1937073,2120656,2271304,2370043,2535858,2693354,2897179,3089826,3323380,3392208,3563100,3722327,4006794,4237863,4362208,4626056,4872277,5043959,5358850,5574269,5766249,6040296,6184630,6457602,6704168,7077920,7425264,7652622,7880133,8043782,8369088,8747587,9071521,9209932,9415183,9857616,10045197,10613572,10905123,11248990,11605507,11995789,12231934,12412829,12872407,13212490,13707393,14187267,14537167,14791416,15317952,15714929,16011263,16211615,16764018,17225174,17498969,18081186,18473012,18899999,19613682,19776703,20354713,20634824,21373383,21480077,22164499,22566778,22946947,23391800,24266500,24588711,25117767
Test 6,2664,9640,22521,39187,65441,87895,123957,164176,198579,248041,305480,360621,425350,483644,550862,642504,708759,808236,901668,1021506,1090939,1176931,1322546,1424739,1572382,1622050,1818072,1924060,2119982,2254590,2365423,2509289,2791028,2919336,3091587,3226018,3398905,3615610,3853681,4078780,4156279,4359147,4658785,4784183,4984281,5393629,5592364,5653419,6066671,6243217,6479467,6686182,6981014,7288807,7552835,7781249,8250863,8302424,8598361,8948122,9189851,9600961,9855425,10260999,10489987,10877262,11405558,11395489,11844342,12017144,12781438,13041658,13164094,13519620,14155632,14318888,14881804,15426232,15538656,15960523,16139298,16788289,17174167,17532075,17957386,18687516,19099906,19168469,19400295,20392038,20793396,21250364,21802681,22080106,22685481,23192978,23258726,23939310,24011127,25207558
Test 7,2686,9880,23317,40218,62853,91725,121762,158682,195792,241982,302167,363573,426466,487822,585009,646145,743825,803406,909908,980994,1105756,1220748,1305541,1415180,1547759,1668976,1834594,1942210,2108301,2267487,2405487,2602721,2705529,2930688,3062501,3272561,3372657,3578184,3798039,3959698,4175436,4464847,4624730,4878414,5009225,5206591,5528056,5658465,5949762,6251930,6573146,6801375,6973511,7355797,7621636,7812293,8057496,8319887,8593680,8976388,9364673,9625608,9938541,10275173,10711328,11001476,11212093,11540641,11893924,12239838,12495963,12881855,13229199,13872015,14146640,14457245,14487321,15307481,15604080,15931813,16558665,16791051,17313893,17527907,17855224,18506765,18704719,19260920,19650141,20164874,20453379,21296806,21672070,22226639,22613189,22923283,23641475,23787102,24600052,25181547
Test 8,2762,10170,21659,42667,62957,90220,119372,158229,210559,254534,301592,356167,420799,483408,559173,651806,724597,795721,915815,993729,1094485,1200509,1295172,1458332,1558308,1683896,1815338,1950922,2151031,2278779,2403157,2534266,2758370,2907255,3131132,3255057,3420496,3664453,3778274,3961385,4226536,4408674,4578260,4872851,5042528,5319645,5446236,5729256,6010711,6209425,6457970,6726987,7123300,7231149,7648154,7905098,8200732,8359892,8773103,9001095,9342510,9623233,10099898,10315471,10506690,10886908,11334259,11595795,11814764,12364589,12745335,12942989,13242904,13811870,14081470,14308315,15066763,15057848,15410830,15954782,16333877,16802778,17346561,17654823,18081260,18389726,18810548,19342428,19853648,20484681,20827260,21230930,21716854,22042924,22655772,22857941,23509921,23964992,24445030,24837735
Test 9,2606,9464,22836,41510,63305,89851,117344,157309,202568,251359,296916,366630,422153,494001,560923,625181,693083,795703,913363,1002664,1093675,1192014,1335359,1436230,1537880,1656967,1833404,1917805,2109429,2279234,2365486,2588363,2731906,2862128,3042022,3190789,3423243,3579826,3783040,4023107,4206863,4440892,4571836,4880337,5120871,5250362,5550681,5716524,5911432,6250173,6570386,6764660,7003947,7312485,7383769,7798468,8112330,8369180,8706791,9090931,9248721,9688389,10058137,10237526,10768511,10863141,11169445,11475497,11725108,12252242,12688615,12836883,13203820,13769318,13866045,14331077,14776515,15176124,15496677,16106785,16348025,16957751,17189338,17616753,18191246,18308736,19073591,19486269,19814481,20506150,20798537,21281840,21527210,22117521,22614836,23137102,23628057,24078502,24847864,24960880
Test 10,2175,9862,23583,39109,61935,89160,117506,152933,202155,252267,300186,359841,421274,488102,544395,647631,716176,823046,914350,988931,1084867,1231544,1337525,1460634,1558302,1686728,1841822,1945901,2140748,2282040,2384481,2522521,2723531,2842914,3012882,3267874,3443327,3651504,3805867,3945276,4253393,4398417,4641303,4900303,5076948,5384521,5450066,5831306,6030072,6208905,6567900,6856369,7014583,7326886,7539917,7801265,8156119,8383013,8713627,9050845,9389645,9632847,9959458,10338897,10523826,10979516,11348246,11525765,12118366,12205855,12612238,12871776,13337899,13929403,14073886,14712599,14853874,15275420,15473404,15929931,16369079,16796903,17265426,17925059,18032129,18729181,19081047,19340295,19754298,20144924,20793551,20857198,21517293,21920407,22933553,23180850,23428112,24350834,24672197,24955029
Test 11,2317,9523,24050,40298,61712,90335,125226,161769,199172,255408,307618,347882,404636,504410,567888,646670,724162,809250,899817,997226,1102799,1194611,1328944,1468118,1588972,1680937,1843592,1930325,2118896,2269453,2417029,2549282,2734878,2868347,3042969,3259283,3404723,3635067,3823203,4003628,4242664,4435302,4607590,4919441,5050229,5295511,5390759,5889387,6082140,6223329,6512714,6711296,6905240,7486915,7546895,7901934,8046609,8513285,8842188,8858206,9223980,9605323,9871632,10294147,10574957,10813285,11085961,11594826,12182970,12339313,12787623,12942437,13307872,13776456,14098638,14320437,15078596,15275750,15656882,16017265,16491194,17023024,17326250,17662596,17918822,18411524,18883715,19325950,19881974,20214417,20744727,21000567,21487534,22144154,22732074,22978586,23484645,24014687,24671195,25036508
Test 12,2442,9892,22946,39059,60953,91351,117047,160683,200155,251639,317080,359278,417404,487483,539423,667329,725526,818033,894820,1039694,1101776,1214589,1327836,1447125,1529015,1691891,1809436,2018215,2136832,2253146,2439003,2515151,2715699,2901727,3053846,3232330,3435119,3552564,3853501,3940116,4221530,4432464,4694905,4824919,5055497,5220185,5539103,5841120,5927939,6173904,6473368,6723795,7004130,7227663,7548405,7848501,7954403,8326093,8709944,9062610,9301816,9630424,10003423,10386428,10558524,10885190,11112554,11535932,11746182,12392207,12508617,13044770,13205955,13603825,14143183,14448569,14571535,15175555,15731979,15912524,16242927,16916224,17139206,17593739,18051224,18571275,19004831,19412747,19720707,20233523,20649631,21131485,21580408,21876751,22723482,22956513,23319007,23732312,24452463,25004328
Test 13,2410,11001,22148,38744,62285,88733,123042,155091,208008,252011,316210,371619,430100,502254,561595,638798,723578,831015,914499,1025361,1099607,1249137,1345864,1459394,1580461,1663492,1809589,1955237,2101924,2270611,2345739,2530495,2744968,2848573,3062682,3246414,3364778,3527962,3786110,4002513,4216572,4403387,4568786,4853697,5168401,5246443,5655652,5660167,6098712,6268004,6584492,6743103,7076139,7336751,7483361,7841995,8142736,8348599,8647926,9068208,9301772,9561419,9855217,10148085,10571535,10863740,11141387,11532237,11833925,12385393,12664635,13108414,13321047,13812898,14043987,14397239,14890856,15062470,15604535,15850909,16480627,16719840,16943036,17644315,18094930,18650518,19031538,19312180,19747419,20427140,20727077,21105846,21735273,21880245,22475666,23063966,23643847,24329613,24500504,25010441
Test 14,2563,10153,20870,43216,63720,91491,123677,165644,196871,257113,300972,363378,422483,493407,575684,647230,718248,821105,916231,1028715,1090216,1184106,1338453,1463098,1556406,1691275,1860126,1970801,2140706,2252987,2418582,2582406,2686519,2885479,3095303,3235121,3410013,3640404,3771788,4038744,4190273,4329586,4644382,4848643,5101406,5198768,5593486,5702806,5985900,6164654,6627671,6772361,6946715,7335944,7541747,7801625,8176457,8499524,8669120,9152302,9363943,9496964,9819006,10232714,10477844,10972727,11061825,11432864,11908553,12153342,12682857,12883328,13273041,13625129,14276057,14431632,14721197,15128653,15534250,15858771,16327899,16734753,17169493,17785751,17921434,18203830,18837584,19263706,19681754,20178784,20703936,20958421,21723212,21906291,22756294,23020885,23643405,24063285,24212445,24638643
Test 15,2507,9762,22280,41852,64330,87971,126545,159446,203653,250074,314848,359356,421467,481335,564508,642826,703034,800523,916391,972696,1111714,1221445,1323785,1467822,1567371,1681553,1774010,1930712,2131024,2218532,2396740,2520623,2778221,2888061,3035198,3201904,3409578,3592928,3836822,4041632,4295781,4448208,4638825,4885438,5054367,5278788,5548732,5692638,6050264,6378462,6532481,6732429,6873022,7291528,7514922,7928487,8157511,8384111,8825211,9007686,9227999,9570376,9899896,10254604,10669159,10952968,11199249,11518153,11924989,12227445,12636379,12981578,13424863,13688930,14189586,14504294,14742369,15310672,15730099,15983561,16345297,16924404,17086961,17635463,17999242,18678807,18942873,19390562,19757001,20280648,20642496,21037069,21676796,22276459,22646028,22856268,23486040,24143944,24735083,24974932
Test 16,2344,10080,22506,39958,60243,90620,120829,163964,203930,252725,299321,351600,421417,489802,564448,640490,722123,796042,917011,970713,1088017,1188707,1364801,1422727,1556460,1665185,1829483,1954016,2116646,2268525,2413382,2478869,2751290,2886074,3086324,3242378,3470158,3640219,3708838,4027926,4196435,4431862,4712444,4922585,5029951,5335212,5600974,5686462,5974295,6256629,6509336,6821158,7080077,7275256,7645831,7830559,8248202,8491200,8619939,9047278,9265592,9583485,9899935,10204080,10541142,10956079,11119552,11630967,11839883,12175770,12779928,13137897,13271683,13844036,13837224,14343298,15022082,15288017,15558045,16075896,16444610,16760817,17252064,17695831,17954521,18576407,18962650,19260437,19893767,20274982,20972726,21070210,21707183,22197633,22722120,23262134,23614595,23868718,25006209,25067255
Test 17,2192,10030,21011,39464,59301,88397,125753,160886,200786,254396,304533,360981,424460,490346,552160,631289,725993,829009,903294,1000947,1105837,1229078,1313400,1468349,1595102,1724869,1827144,1986561,2096088,2243306,2377659,2656809,2769831,2840533,3025036,3287275,3430989,3618324,3882313,4011216,4201338,4417384,4633933,4772262,4991452,5172828,5537213,5769643,5973378,6161599,6519578,6832088,6918851,7280083,7631219,7813879,8082188,8439756,8768755,8913998,9206051,9523399,9808295,10207009,10483955,10987385,11086945,11589279,11773899,12257386,12422022,12904814,13487137,13758573,14018654,14458412,14844391,15204425,15553709,16004204,16405108,16897034,17282686,17388642,18102205,18342666,18850650,19268001,19732256,20129795,20681079,20893411,21345856,22119932,22309384,23098833,23156295,23653479,24230469,24932469
Test 18,2370,9536,23046,40491,64897,88912,125140,160382,204005,246205,304001,365168,420274,488286,565496,637977,728288,804211,904496,993783,1122285,1207550,1339160,1458846,1549164,1721499,1814383,1951794,2083056,2278260,2408022,2582814,2754616,2863145,3057848,3229174,3411773,3565223,3770357,3936918,4200588,4417944,4622830,4840992,5030501,5200578,5565571,5788609,5999846,6357488,6489283,6775515,7040613,7388460,7575449,7956911,8107649,8296195,8699624,8934451,9236673,9590012,9842909,10014515,10504597,10939888,11312609,11626940,11969962,12395965,12650142,13026539,13323374,13766453,14021271,14308267,14766881,15265860,15537525,15851647,16402387,16702687,17044327,17590432,18284018,18484301,18939309,19521090,20096098,20349740,20582676,21262719,21616218,22083051,22802838,23237266,23448076,24146572,24694088,25045719
Test 19,2396,9576,21161,39580,63421,90421,118865,160519,192995,251852,294669,349082,428835,486217,563277,634472,721109,819384,923694,988649,1116597,1194188,1308996,1443188,1584144,1703560,1836110,1975147,2141630,2252832,2407359,2586541,2719696,2871745,3048440,3265192,3472470,3577325,3777441,3965319,4164397,4403899,4622049,4871884,5072561,5292561,5407745,5744086,5950123,6213026,6516792,6772488,7031395,7291161,7530864,7848604,8109815,8515165,8744710,8958803,9181776,9695477,9861780,10288531,10563781,10927515,11198483,11614197,11987788,12250719,12282909,12886291,13402018,13707835,13949540,14333364,14808184,15097606,15492710,16027534,16457182,16828304,17521348,17453562,18162323,18555907,19045307,19267290,19770724,20250007,20616158,21042135,21459605,21930396,22351980,23217654,23786924,24052061,24174602,24987637
Test 20,2376,9426,21932,39511,63132,91520,126346,150575,202134,245888,299771,371111,432172,470523,559221,640364,718401,831258,914751,995656,1094758,1219132,1345677,1460567,1571577,1739589,1802131,1903857,2121751,2194280,2368014,2570002,2728653,2874314,3060566,3212859,3439086,3631963,3846074,3999692,4171450,4426719,4608651,4854235,5129988,5314704,5579238,5673646,5946385,6275400,6470402,6900541,7013088,7278407,7615730,8039427,8085304,8508338,8764276,8975558,9203367,9623723,9879305,10245361,10584334,10942587,11145876,11651605,11937744,12199470,12512624,12920530,13147177,13703241,13955682,14524924,14978562,15319767,15731225,16064067,16427971,16835114,17236802,17366308,18098538,18510410,18870848,19440603,19682701,20316147,20719557,20926651,21648912,22127764,22649721,23067748,23416874,23971360,24541154,25042349
Test 21,2719,10222,22566,38330,60154,91119,124342,156013,201990,259302,309800,367212,428425,477760,556769,631183,716150,812801,896056,1003722,1090593,1242547,1301679,1412152,1583931,1682021,1825257,1949833,2153184,2254376,2396030,2563159,2724013,2901797,3011184,3181335,3400287,3646934,3839573,3982795,4125852,4432023,4649464,4782934,5074400,5394237,5508807,5729843,5943808,6221852,6428255,6703875,7121692,7199397,7632865,7816304,8122328,8450624,8687026,8990647,9366557,9658220,9827194,10266821,10574593,10693969,11181959,11565216,11786771,12327788,12548690,13023889,13365476,13768700,14022617,14565727,14965362,15266459,15670402,15973849,16509270,16897371,17261914,17639295,17947450,18393699,18721389,19263777,19856322,20147326,20755581,21226338,21772408,22126921,22414733,22955449,23315360,23962406,24580011,25220839
Test 22,2529,10008,23060,42852,59095,85293,123716,154558,206606,248094,296778,348081,429609,477262,550131,648167,717839,823893,897991,1025281,1086566,1194410,1326374,1461363,1578866,1693589,1817832,1967001,2084508,2255624,2386348,2610206,2722992,2902168,3066689,3300629,3406879,3563030,3768858,4048149,4164439,4413521,4655145,4847857,5030247,5273578,5485745,5857844,5964956,6186440,6496621,6682858,6960486,7363575,7524183,7758837,8178956,8283418,8682585,8853208,9229308,9654325,9963395,10362026,10587289,10841707,11156947,11561846,12078947,12186756,12520701,12859829,13303451,13760773,14112111,14665227,14828731,15102450,15453718,16211687,16404830,16764920,17084484,17756014,18204139,18444457,18779303,19402911,19520550,20337403,20669023,21327650,21586049,22352582,22825172,22927385,23579300,24289942,24505422,24837603
Test 23,2248,9849,22126,42301,63204,88560,114762,155934,201224,243903,306488,366130,418088,496682,561663,639943,724290,795338,906671,1004566,1099279,1207766,1326016,1427871,1593473,1681388,1802501,1947762,2079783,2263860,2400869,2578069,2677347,2877456,3070518,3321106,3359638,3697933,3773322,3977788,4261157,4343035,4643392,4865060,5078844,5303237,5532085,5840499,6080709,6252551,6420994,6703138,7035225,7154092,7390188,7793575,8239334,8458719,8617584,8928601,9118611,9420255,10023896,10161028,10550193,11039313,11203028,11480918,11911932,12122549,12590818,12867520,13325174,13529050,13931642,14424415,14811348,15210425,15710904,16134119,16321167,16787278,17233702,17457524,18046478,18490667,19023139,19231497,19823546,20241415,20844793,21296363,21788393,21868189,22354858,23180746,23571540,23927635,24490953,24824417
Test 24,2344,10594,22715,40867,62573,86949,119331,159354,197486,244767,305297,354935,418996,489340,563211,649529,712654,790052,899872,979007,1108590,1204559,1305780,1424850,1558075,1665906,1819959,1973750,2078742,2236005,2402164,2546109,2667701,2915647,3045992,3237811,3430181,3678110,3788497,3941383,4196284,4440017,4671723,4825719,5038130,5308752,5547817,5707733,5975007,6151842,6449542,6771634,7100853,7457708,7693370,7895366,7999464,8418760,8653596,9019146,9370850,9582649,9821183,10352791,10461865,10944963,11144087,11597314,11963633,12091471,12472684,12846920,13262776,13729725,14168651,14551910,14840599,15255498,15629706,16092061,16463402,16949915,17299977,17548015,17929083,18398509,18799980,19153957,19914406,20325523,20785966,21247478,21872044,22137394,22852815,23149720,23632735,24275205,24417023,24966695
Test 25,2448,9495,22267,38305,63104,90647,121398,158144,206128,250271,297336,354505,411959,486530,566255,627762,745679,833036,893991,981729,1107552,1216186,1307963,1445825,1561653,1708722,1803517,1963060,2115093,2238781,2393064,2546834,2765006,2930153,3038934,3286598,3380444,3622418,3868764,4020726,4132991,4411958,4597388,4890494,4997910,5286897,5568159,5773749,5968305,6247156,6511396,6680956,7016239,7338571,7495285,7839106,8000532,8378325,8707225,8953229,9281148,9520483,9937867,10042538,10608284,10682253,11360446,11586689,11768119,12076624,12715033,13036553,13122362,13799200,14026849,14405404,14842957,15376661,15861226,15865124,16403224,16756429,17344735,17688103,18256784,18498294,18918454,19515329,19815132,20145073,20757839,21301862,21678642,21989827,22299584,23147983,23530387,24003231,24431994,25035862
Test 26,2156,9504,22241,38157,63040,88793,126027,156745,199657,246624,299540,354114,413189,488838,581758,635642,725866,826118,907909,1026568,1112295,1218156,1323367,1446147,1561193,1715199,1802219,1955567,2104712,2225514,2415454,2586274,2718963,2870437,3115564,3249557,3446873,3573460,3828304,4033232,4230061,4391106,4593905,4802349,5202306,5325276,5547340,5819170,5992343,6234815,6496104,6818888,6984793,7208403,7699301,7806449,8124218,8418173,8764103,8955630,9239575,9470798,9915663,10203178,10660002,10746569,11062784,11544719,11788558,12351265,12676763,13041212,13201898,13766593,13993355,14510395,14982479,15077021,15725912,16064896,16359211,16853531,16932370,17548285,17953782,18625527,18748712,19528300,19719078,20305459,20598185,21450190,21400961,22189261,22456593,23046148,23360911,23786803,24594104,24960983
Test 27,2457,10090,22055,37798,60835,93395,124446,163568,205702,248602,303427,362286,429586,489412,575710,626260,728474,816784,892992,998096,1102325,1219687,1308443,1448069,1561890,1624169,1827009,1954164,2099122,2248652,2388687,2597450,2762242,2941756,3037007,3262084,3451352,3539698,3763629,3970020,4167118,4504025,4648786,4765560,4968100,5302655,5515865,5866972,6092650,6269655,6517343,6850182,7003814,7328640,7591307,7990610,8185639,8341799,8755164,9002577,9295958,9667145,10003328,10227089,10512355,10950030,11319028,11548061,11958801,12217922,12667160,12970501,13297545,13650660,13994937,14496212,14947206,15274663,15495712,15996875,16243414,16720953,17050226,17513648,18048142,18596793,18841113,19052743,19643299,20303402,20724461,21310733,21467876,22298032,22374457,23099233,23443758,24354966,24579592,24912282
Test 28,2265,10104,23037,38778,63246,93939,121263,158174,202526,253303,295734,357166,419304,503932,571721,628583,733102,810864,900757,979711,1100879,1207460,1349203,1431746,1535411,1696890,1855107,1919890,2101799,2282370,2425977,2606308,2730197,2914839,3028098,3233700,3422104,3599695,3877903,3938406,4154128,4394746,4569343,4808948,4984700,5255529,5563193,5676357,5957161,6207341,6516641,6767688,7041604,7212606,7508643,7770918,8204620,8465181,8505718,9089605,9360180,9658498,9952902,10207836,10511097,10759295,11239396,11689399,11958031,12117492,12648638,12913770,13285638,13618557,14066147,14387685,14641742,15167911,15491374,15931618,16188939,16704537,17115181,17583259,18087080,18411445,18957739,19357630,19904849,20278929,20789197,21238740,21757521,21940716,22340911,23043776,23663854,23852745,24495220,24991389
Test 29,2545,9866,21227,40777,60744,92434,120246,158236,200891,246065,299515,362027,418054,488518,572221,610326,716395,834363,881326,997429,1108916,1216220,1310184,1450162,1573978,1683109,1826832,1983339,2068431,2241713,2411310,2560702,2731962,2890830,3065020,3250904,3456853,3615232,3805669,4056612,4244858,4375901,4576634,4814045,5017063,5331372,5454873,5833871,5927344,6109614,6570110,6695284,7081800,7306446,7612294,7750074,8060265,8404171,8582598,8969477,9334015,9703055,9865755,10188547,10584895,10936357,11296254,11438292,11914037,12188217,12432106,13004933,13089948,13615906,13966756,14351019,14867307,15076181,15696335,15902803,16472879,16505317,17099393,17700610,17992698,18518957,19004934,19292034,19813976,20172218,20783548,20962050,21726702,21919989,22796388,23166621,23599603,24136381,24244778,24832101
Test 30,2231,9243,21628,37211,59795,92295,123938,161129,200206,240228,301365,361338,423166,492753,553950,638642,710778,821912,916160,1014600,1121956,1206010,1292628,1424124,1532523,1676836,1832757,1993752,2092997,2277005,2435181,2547491,2693054,2924377,3065000,3234972,3453136,3578369,3800697,4009089,4223947,4428542,4604618,4894221,5037681,5341867,5526566,5765437,6086585,6218482,6490936,6832871,6983989,7194882,7688766,7762658,8184593,8344795,8693068,9057394,9168456,9587873,10017438,10253156,10576218,10911132,11282938,11364431,11825490,12251427,12481757,13017038,13366254,13712729,14232213,14440600,14851084,15212315,15314889,16013188,16331162,16856487,17274772,17538843,18055247,18303857,18778319,19198490,20004495,20374037,20670196,21012241,21563009,21935731,22368495,23080756,23522426,23973598,24697686,25150766
Test 31,2490,9778,22351,39892,63416,89257,119189,155711,202030,246953,296573,355177,423537,494235,566058,623725,707295,817541,908007,1007515,1092155,1213964,1306327,1439167,1567702,1697650,1797810,1961731,2071676,2230025,2433846,2579647,2733181,2895597,3023065,3254548,3434983,3580830,3775494,4028638,4138490,4411567,4675192,4749185,4999306,5330726,5445358,5798057,5993770,6366548,6512253,6832141,6997674,7350225,7556368,7914517,8173251,8447362,8699202,9195671,9323663,9537361,9894885,10406393,10467176,10788446,11226536,11588938,12024928,12225632,12571277,12877085,13296056,13860941,14163254,14381554,14983338,15210441,15687815,16038028,16503993,16702011,17069601,17558862,18019427,18297984,18683753,19417729,19715044,20609590,20593075,21357968,21660446,22065532,22723435,23454520,23391779,23911135,24347669,25153800
Test 32,2627,9478,23517,41812,62460,90525,122893,155040,200798,252149,308897,356971,425927,484022,574213,644347,720653,796953,877914,985347,1114402,1188754,1338489,1441591,1526457,1717573,1832951,1966423,2122432,2239590,2380191,2544127,2678490,2912842,3020613,3207718,3411200,3526003,3815817,4011987,4243773,4430352,4627889,4794366,5166101,5228337,5492088,5830944,6063866,6261635,6448919,6755099,7053412,7357698,7601841,7798591,8078952,8431041,8747087,9018627,9275323,9695504,9903766,10213167,10437434,10838503,11205543,11505498,11820980,12252677,12607262,13070210,13303830,13638523,14009080,14511779,14876289,15162875,15604288,16059839,16432204,16729627,17302387,17449699,17970204,18419698,19105318,19437466,19751082,20162118,20716670,21233941,21332448,22162599,22571685,23220152,23108695,24246321,24516535,25053849
Test 33,2191,10032,23774,39385,66899,89601,127883,156688,206126,244937,312817,344634,408283,475987,539835,640633,720731,810131,905560,993243,1102203,1187481,1341752,1451747,1575585,1692266,1816948,1968948,2069623,2236225,2443492,2566165,2727872,2881460,3071736,3237737,3405965,3573611,3787915,4025623,4174137,4441833,4574713,4852941,5132431,5279183,5513660,5731767,5996785,6314875,6470815,6803476,7006162,7356986,7590160,7679579,8127681,8422615,8675529,9010285,9411651,9595222,9945952,10256938,10542110,10973221,11216448,11393548,11897158,12295243,12437361,12865009,13472318,13703053,13960862,14632736,14850548,15347200,15621571,16148827,16232568,16910308,17148539,17723149,17958928,18335847,18957811,19333042,19670031,20116364,20566561,21219727,21567425,22008240,22498018,23339352,23684229,24542803,24404119,25188686
Test 34,2624,9858,25055,38667,63597,86449,116730,155138,194668,257248,295999,358076,417743,483024,546599,630842,724671,840347,912401,995397,1086770,1203545,1312297,1471085,1536374,1647400,1825607,1934885,2082321,2314100,2376895,2500330,2749492,2912791,3116309,3252029,3428117,3600102,3784855,4032333,4170361,4433696,4638060,4841828,5057164,5252594,5458553,5743043,6043424,6253120,6517273,6740279,7085225,7294444,7587125,7799601,8151033,8339408,8614103,9122166,9284306,9624625,9945885,10281555,10529330,10929329,11316780,11449469,11863996,12019565,12647649,13017931,13211409,13708532,14098751,14373058,14918097,15411922,15654803,16043537,16491114,16969914,17016562,17416685,18045562,18509267,19022348,19163598,19912450,20273418,20788638,21135564,21676495,21959914,22505924,23038853,23139556,24294717,24296271,25089541
Test 35,2577,9681,23330,38951,63581,93296,125659,163961,199475,249094,308460,367633,415997,498727,554596,643560,720126,802411,907872,1010840,1070149,1209824,1295639,1442463,1553016,1719800,1826359,1973661,2114123,2236790,2455073,2597821,2719761,2964022,3100631,3279480,3402370,3631655,3815916,4060332,4245134,4320597,4613143,4889399,4925287,5274831,5444692,5777437,5972219,6301165,6628205,6735337,7051461,7190027,7622778,7746485,8168005,8520570,8558292,8902865,9191583,9572954,9986827,10375190,10590191,10905936,11212300,11679013,12018956,12310866,12564031,13180834,13257681,13854192,14060055,14458070,15045880,15362122,15502190,15936554,16253027,16864132,17309918,17752821,18146902,18522541,18995602,19260631,19742713,20235493,20452633,21179599,21625552,22118561,22803162,23034516,23569795,24151518,24486172,25176527
Test 36,2468,10102,21839,39155,62889,86957,123598,162174,193838,248768,299279,369575,432635,492690,577772,628860,721810,797174,892717,984680,1098202,1183367,1304746,1454939,1578294,1696617,1818198,1920724,2102623,2247987,2360887,2555593,2732562,2889792,3026351,3265195,3461279,3626510,3830900,4028221,4191970,4459796,4629040,4941013,4980557,5294778,5547758,5751921,6051496,6237812,6424641,6814992,6998884,7214698,7461767,7804053,8202359,8393445,8844434,8970274,9241787,9697680,9897181,10223681,10617724,10980195,11300154,11580282,11791291,12334096,12604671,13059023,13233871,13573702,14233379,14216317,14917182,15304762,15704792,16364573,16369384,16745995,17297904,17675019,17977694,18752960,19067553,19452649,19766509,20331957,20709272,21272448,21825406,21981236,22624411,23042195,23368267,23982292,24696559,25114415
Test 37,2273,8267,21647,38027,63813,92156,127055,163405,213591,254876,300538,358885,426703,475159,572666,636075,727574,798923,899296,989529,1126098,1234922,1319467,1428067,1531262,1695643,1805444,1963011,2125270,2285457,2417207,2532121,2762914,2941950,3112607,3306598,3419117,3507939,3688499,3957338,4129474,4439750,4597172,4929391,5035385,5322427,5512505,5746243,6099607,6360538,6496398,6890611,7036264,7480042,7601145,7883345,8159776,8443797,8660239,9077581,9225787,9526746,10177973,10250568,10618091,10831432,11084065,11713272,11871286,12068182,12732468,13029084,13299299,13656716,14118837,14438100,14843979,15244664,15539282,16085120,16248043,16831828,17368171,17652272,18056999,18437464,19025277,19530710,19920617,20258262,20693065,21114888,21666876,22213652,22782733,22991527,23393149,24182500,24291362,25078363
Test 38,2731,10272,22391,38939,61950,92247,124618,160855,200681,250349,295229,353727,423296,470150,548589,621325,705939,793402,897328,1014520,1137823,1236230,1325147,1443956,1561426,1685847,1829870,1945297,2113829,2232218,2424624,2524258,2717998,2888643,3106024,3322489,3395723,3504273,3764133,3940025,4221533,4330373,4639184,4744799,5003769,5335355,5528596,5828048,5900438,6302518,6546295,6747968,6926124,7184075,7626282,7923637,8096955,8312425,8681420,9062031,9223424,9623949,10079184,10262697,10465963,10917458,11302068,11545809,11945625,12375139,12741344,13016187,13219358,13656547,14118778,14501329,14793685,15034129,15679495,16052518,16517653,16736241,17330095,17498754,18032256,18071363,18935567,19159404,19872479,20009809,20517114,21197799,21556325,21919362,22575401,22940958,23259938,24038978,24594427,25283434
Test 39,2424,9435,22122,37379,60297,90702,119510,158167,201352,260632,314662,369183,422510,506460,562895,654577,743965,818824,910389,1004631,1096989,1201042,1323441,1444086,1554492,1719629,1830842,2009631,2092733,2232546,2401986,2554872,2713496,2894334,3069713,3203214,3376481,3668809,3779646,3922226,4231132,4386351,4604606,4835155,5070246,5294045,5516614,5677012,6078395,6355105,6502546,6930110,7078573,7296964,7584106,7870526,8171538,8529300,8830878,8910006,9242978,9654826,9828510,10357553,10441613,10834341,11247944,11661986,11932616,12242018,12605800,12839462,13427208,13580393,14205738,14264503,14893511,15159246,15871737,15862325,16234027,16646594,17287449,17643050,18245282,18369271,18943831,19367072,19945253,20416714,20523955,21202794,21571918,21988873,22489952,23168972,23498236,24019725,24398704,24997191
Test 40,2392,10991,23810,39611,61804,90131,120422,168152,207456,251371,300701,355702,417537,498917,568892,655657,719516,780701,912755,1003988,1118994,1217094,1323985,1436977,1546373,1691166,1833218,1954482,2104990,2308223,2407565,2583208,2749877,2896531,3040986,3216103,3375204,3640977,3769434,4011401,4270767,4481522,4602409,4773909,5073704,5239262,5551309,5773357,6041419,6180051,6507009,6669122,7026468,7368349,7499003,7733943,8180635,8440704,8682707,9034167,9333243,9572759,10033737,10332435,10600955,10915210,11133475,11499429,11851684,12392681,12772341,12925443,13424712,13626501,14142763,14420485,14754385,15209287,15389639,16018688,16410266,16690909,17489213,17637083,18075223,18698370,18856751,19437846,19873118,20367268,20518265,21325839,21701239,21883169,22516222,22891801,23207875,24077826,24351360,25166246
Test 41,2391,10083,22747,40239,61746,93548,122902,162261,205154,253459,305896,350134,409367,489604,559085,624952,716990,805695,929422,1002409,1115427,1224631,1305625,1430316,1566130,1727211,1852989,1972344,2109591,2243977,2413715,2554074,2734628,2847499,3077356,3214944,3430739,3587550,3698643,3952074,4217800,4423988,4650430,4854731,5051873,5305447,5570119,5788495,5992191,6071431,6603610,6691813,7011862,7265650,7577877,7992658,8094903,8502056,8643177,8978647,9236584,9553609,9944442,10306577,10553420,10835215,11192353,11523891,12035605,12139316,12412244,13055399,13334298,13688366,14124534,14374886,14682132,15296622,15607727,15958156,16250150,16805630,17338331,17552788,18086306,18603263,18581752,19348751,19737025,20355623,20814741,21214175,21590237,21918424,22510138,23066464,23664086,23742961,24533284,24931821
Test 42,2465,9543,22282,38062,61537,90848,118511,163615,201866,248334,303683,369904,413674,491292,552719,619296,701797,805668,900181,987615,1088203,1182805,1336267,1437893,1577956,1672433,1817459,1923746,2077545,2262955,2399661,2564331,2755245,2885370,3092680,3226851,3383436,3541232,3897358,3979825,4159029,4470544,4667879,4944689,5029668,5257631,5483356,5753043,6046721,6171666,6512062,6840858,7065222,7300139,7498981,7803980,8127619,8408191,8692014,8875274,9354621,9641211,9962253,10250358,10582624,10831164,11287826,11573057,11768453,12234941,12798296,12811238,13157632,13937360,14068053,14436430,14938331,15268951,15619725,15871530,16410765,16796797,16944778,17904428,17945927,18571890,19153529,19292896,19837085,20302095,20433840,21158437,21650797,22036106,22507142,22949822,23407978,24044127,24270813,25016017
Test 43,2504,10210,23097,39489,61316,90517,123172,160849,197146,246210,305460,355901,428778,503263,574181,642841,718481,811260,883057,984733,1093064,1184065,1331504,1443330,1578348,1716841,1809674,1894283,2070422,2277800,2366550,2519514,2718249,2918204,3047490,3339432,3459046,3667350,3757939,3989879,4162285,4432357,4699675,4898562,5045172,5225999,5479616,5801473,6103997,6245793,6463520,6895917,6872036,7215371,7626249,7796353,8063210,8350534,8690889,8922227,9220801,9519702,9918922,10267860,10483195,10935293,11228632,11539007,11733324,12224706,12773071,12805852,13233823,13901236,14090483,14377887,14755166,15233341,15692355,16093181,16304852,16643730,17216896,17672770,18201542,18388481,18808159,19359504,19750264,20476331,20660442,21233298,21597316,22238067,22561041,22989789,23442592,23877718,24672042,25348399
Test 44,2654,8988,23422,38456,61788,89750,121135,168585,200347,249696,301195,352255,421834,500226,568953,617832,741543,796488,908008,1003132,1104783,1227633,1307271,1446782,1556209,1687655,1816882,1935413,2113541,2266817,2407664,2487600,2710831,2911507,3005063,3307075,3423871,3486549,3887548,4052389,4219581,4456616,4601560,4806217,5070721,5283424,5506620,5770565,6000442,6256901,6485012,6638584,6879549,7255766,7539380,7788151,8111103,8377893,8747638,8996934,9409578,9616049,9911328,10167600,10663471,10868827,11323566,11640185,11874938,12233203,12592374,12902615,13290402,13727678,14064135,14237917,14745531,15215620,15385465,16195367,16451049,16828837,17114171,17594049,17813075,18531327,18757729,19463800,19603090,20151219,20956667,21456412,21624739,22123682,22540854,22885690,23249906,24178049,24817915,24911344
Test 45,2577,10452,22050,39066,62473,93159,121333,159214,201877,243312,306582,357553,432621,476092,560907,632985,740574,805063,893829,976292,1095047,1225240,1342510,1459580,1575436,1680781,1832417,1955042,2106439,2219076,2403885,2585860,2734980,2917683,3012591,3186861,3428853,3567212,3781191,3957990,4205934,4397450,4575374,4836567,5046293,5310552,5454501,5824284,5947582,6297229,6472923,6746119,7055791,7279745,7561259,7897779,8174678,8329323,8769832,9088714,9233397,9625625,9923027,10409951,10675889,10826770,11260071,11647687,11994105,12367226,12633481,12794023,13250186,13799611,14029280,14478987,14693433,15451009,15728453,16140598,16251261,16849387,17058276,17749077,18044341,18353696,19128940,19363119,19756264,20555958,20973293,20882679,21305815,22093834,22358682,23093584,23351290,23836858,24616241,24829372
Test 46,2579,8904,22542,40724,62736,88006,126100,153535,210824,239936,295752,352092,417672,491840,564734,643778,696212,810755,889736,1008152,1094953,1198498,1303452,1429279,1585618,1691663,1815772,1938298,2138548,2281997,2350085,2673221,2743186,2906918,3070433,3258627,3403252,3668789,3812360,3983805,4180540,4432276,4688055,4827544,5048596,5235854,5519923,5817790,5994535,6217455,6382464,6703278,7038864,7354225,7663805,7808744,7996870,8341413,8670349,8980919,9269339,9543353,9972249,10239511,10600794,11022154,11252385,11551389,12085742,12260754,12507449,12993530,13127026,13783240,14102739,14390234,14487887,15224121,15538544,15820764,16485110,16755110,17092800,17495958,17802008,18581182,18942131,19495882,19792334,20240910,20826481,21575338,21733309,22143322,22715236,22715866,23833603,23993033,24651015,25204892
Test 47,2219,10368,23695,38319,57305,86951,124866,161758,199757,260520,287022,355966,441021,484953,578888,656035,731164,810856,869797,1010918,1072115,1213727,1300568,1442430,1577968,1697083,1771048,1971768,2120187,2242621,2406515,2565792,2714365,2847829,3053656,3236294,3390119,3586044,3807497,3988708,4184381,4468104,4724743,4822906,5104961,5259714,5481776,5802925,5954018,6256221,6592664,6711321,7046346,7200799,7501565,7892718,8065505,8478959,8720227,9071098,9319808,9668652,10059857,10166542,10508491,11060213,11117432,11506400,11875066,12055488,12563968,13001880,13441201,13838594,14005677,14264721,14882149,15222693,15721696,15949582,16460645,16720390,17270061,17653434,18130781,18492624,18862776,19361726,19921337,20282690,20269267,20934519,21719489,22055410,22538822,23169110,23398297,23931894,24378812,25106274
Test 48,2187,10219,21312,41020,62592,89560,122985,156105,203267,244087,301192,364063,422167,497844,576684,660075,728998,801449,934411,969796,1097896,1224466,1346243,1431701,1604768,1673668,1850909,1957254,2114743,2243294,2379790,2542124,2733489,2914158,3071648,3248300,3335730,3580951,3807277,4021519,4142838,4307918,4674302,4803296,4984177,5280610,5547317,5719668,5981959,6294223,6510060,6742718,6949839,7315273,7572861,7814130,8171318,8436702,8762227,9032909,9367174,9629086,9855193,10400000,10423644,10821633,11256489,11614968,11948715,12268475,12654651,12959183,13401230,13678134,13957782,14265673,14713867,15282709,15590167,15856105,16317720,16949514,17149829,17493672,17798899,18536911,18776881,19132717,19943471,20205113,20972484,20958656,21540652,22085663,22358984,22910087,23555426,23785390,24834615,25070852
Test 49,2506,9820,22232,40580,62756,89146,116756,158385,193626,248466,297771,364306,421208,503873,571680,642875,723866,807187,908081,1008384,1116303,1188035,1369291,1445663,1565352,1666170,1807350,1981610,2103972,2208560,2436892,2541704,2718248,2911968,3099692,3243568,3452940,3565610,3799361,3938965,4147032,4426579,4596755,4838150,5025518,5301213,5620949,5736552,5940038,6176218,6521987,6769940,7051282,7189588,7709638,7837858,8234673,8541457,8621661,8891262,9409941,9671183,9937219,10332015,10385737,10910563,11302446,11488587,11824535,12202597,12608087,13111143,13214637,13794465,14129361,14430656,14830720,15017846,15627057,16020209,16638186,16756777,17110498,17576460,17864075,18582239,18904055,19336818,19957667,20295909,20912448,21188394,21904453,21882440,22736083,23011990,23502326,23976992,24560841,24834003
Test 50,2673,10090,22063,39855,61543,90196,114091,156354,203436,256123,297160,360989,418392,493094,558037,633097,713846,798749,905318,1010655,1078843,1221177,1342176,1420561,1585069,1692352,1754413,1928886,2080901,2248333,2393815,2520114,2724334,2913458,3054102,3195184,3444357,3604156,3828286,3975664,4274303,4423142,4606475,4785406,5108118,5344843,5466387,5743406,6033857,6138348,6412397,6862151,7031285,7259920,7687789,7911636,8220571,8485369,8614169,8991352,9229756,9500710,9899889,10274902,10453051,10740502,11305214,11550342,11857345,12239698,12755408,12979165,13415781,13605245,14097012,14328116,14795467,15232204,15502783,15809361,16254657,17094529,17229299,17874560,18012114,18320770,19008158,19693362,19688002,20089750,20911533,21024634,21357117,22006153,22601443,23305080,23526839,24186046,24524010,24885722
Åšrednia,2444.6,9838.1,22560.0,39732.86,62381.7,90170.6,122166.12,159488.76,201634.66,250341.92,302611.18,359441.08,422895.9,489938.08,562962.42,638799.76,721537.48,810358.18,903836.38,999207.94,1101581.26,1209484.58,1323755.16,1442655.78,1565195.62,1686254.1,1819486.58,1952667.08,2108616.64,2253011.64,2400277.58,2560035.94,2728500.48,2895105.8,3060207.16,3249690.24,3415382.66,3598428.48,3800941.64,3996825.16,4196841.1,4415643.36,4630235.84,4845150.2,5054183.36,5287177.32,5524640.06,5761231.22,6008273.5,6238224.36,6504515.5,6770282.28,7014796.2,7296212.42,7579503.14,7841902.84,8127789.44,8406227.16,8693655.8,9000338.12,9284575.6,9599288.46,9934071.06,1.025431034E7,1.055367608E7,1.089078034E7,1.12202898E7,1.155329202E7,1.18895838E7,1.222134758E7,1.261069662E7,1.296535094E7,1.32875794E7,1.372917684E7,1.407416456E7,1.442097102E7,1.482985072E7,1.52225579E7,1.560527102E7,1.5999454E7,1.637528368E7,1.68015175E7,1.72028266E7,1.761294642E7,1.803971796E7,1.847759238E7,1.89204372E7,1.934447704E7,1.977568294E7,2.02787549E7,2.071400084E7,2.117495182E7,2.163080382E7,2.206665368E7,2.258355456E7,2.306210442E7,2.347252988E7,2.403425106E7,2.45115878E7,2.502914794E7
